DQ,CQ,156
BQ,BU,319
DX,JK,450
FR,T,718
JW,CW,40
BK,HE,254
E,BX,142
FI,AQ,923
CD,JP,313
EK,CV,764
Q,CS,210
EW,G,922
IQ,IL,804
KA,BQ,233
HQ,CD,869
AH,JN,978
JQ,FT,191
I,KH,900
BC,HT,583
JH,ES,625
GW,L,474
JU,KH,598
IL,HX,342
AG,GY,10
IG,DX,41
AZ,I,961
EO,ID,761
BV,IC,449
BI,FB,875
DW,FB,784
JE,ES,366
KL,JQ,284
CW,JF,446
AJ,BN,100
KM,CK,996
DS,EP,155
EE,JG,956
BD,IF,146
AJ,DI,528
IS,D,277
JY,AY,622
CQ,JB,626
AJ,DB,11
HM,FQ,35
GJ,BA,316
CI,DM,451
HE,GK,990
KA,DH,320
JT,CV,81
CQ,HY,291
EW,JT,267
AZ,GX,899
JK,EP,995
B,DA,808
IR,A,551
JL,DD,51
EO,AQ,37
JD,R,633
BT,A,127
AZ,CE,194
GT,HI,276
CR,C,510
JS,HC,453
CS,HP,478
AY,IT,61
EE,S,127
ET,FZ,977
AG,X,209
JC,FI,47
BD,AY,165
JT,IF,378
FF,H,636
IG,BQ,691
BY,ED,458
Z,IP,325
CO,KD,996
BD,JK,414
KM,EY,318
JC,AW,566
AB,GA,716
JG,FC,79
DK,AW,612
BL,JR,702
IB,IG,801
CR,II,959
BB,EE,802
U,GX,250
CM,DV,923
AR,P,998
HF,DK,136
EA,AS,770
FQ,DS,943
DK,AD,680
IH,FY,629
GI,HM,502
BN,BS,395
W,GU,700
FC,IH,819
CG,GZ,546
FM,CI,989
GY,EM,463
KC,EY,768
Y,EH,627
DA,JB,13
AE,BS,597
O,FG,478
FZ,BL,887
FV,GQ,265
KH,CG,852
O,HT,394
GB,CQ,813
JQ,JH,186
EM,AR,370
BJ,HR,322
FA,N,809
BH,HO,861
ID,BF,566
EQ,GB,601
V,EB,339
BT,FW,63
KA,IU,231
IE,DD,300
KB,HI,86
HA,FL,851
CD,CZ,541
JV,AC,559
HU,FC,64
FZ,EF,217
HA,EF,723
EZ,K,198
CZ,EB,588
JW,FF,282
IP,EL,520
CY,BG,422
GB,FG,457
KN,F,713
HJ,DU,981
AC,IU,284
CL,FQ,488
O,II,941
CZ,JZ,228
EH,IS,37
V,BW,73
JN,FU,729
JG,M,479
FL,JO,957
AG,HJ,666
IQ,GE,868
GD,CM,370
BG,HR,77
ID,EA,103
JX,AK,137
AW,JW,242
AK,HM,238
BN,JI,202
FK,BN,806
HQ,JF,612
HO,HZ,421
EH,FL,115
HL,EO,318
CP,AD,143
FR,IF,618
FN,FL,513
DZ,J,152
I,HH,750
HY,JC,649
JA,EE,308
JI,HM,166
FJ,S,909
R,DP,476
DY,T,388
Y,W,656
JL,FN,517
EZ,CK,401
BM,BZ,751
CU,CZ,275
DO,JO,473
EW,DV,506
FN,JT,884
DY,JE,54
CQ,JF,775
ET,DW,425
JZ,FG,681
GB,HO,302
AH,AK,734
U,Y,499
I,FV,490
EV,HW,124
FI,V,830
Y,CF,77
AD,FN,513
IY,EZ,720
CG,D,10
AW,G,323
FY,CU,377
IQ,CP,604
KF,AY,960
CU,P,802
AI,AH,766
EH,Q,719
CU,CB,33
GB,GM,673
AM,JY,400
FH,JS,90
GM,FA,17
HR,GC,393
IR,DJ,444
HD,IU,898
IB,Q,465
FY,HM,449
CT,IZ,718
JX,HK,505
JS,IU,801
FO,JB,618
E,AV,182
BO,CF,38
CQ,X,360
FW,JJ,366
CK,CQ,121
AJ,HH,689
AT,DL,587
CS,EJ,981
GB,KB,437
AK,JB,513
GT,GF,614
DI,IO,228
HT,EX,703
HZ,HC,350
AI,IX,878
V,FT,66
HZ,GV,72
EK,KI,258
GT,AS,904
FI,DG,125
DL,FA,137
DD,FE,55
HH,G,137
BS,GN,323
KB,IE,668
GX,GV,320
EW,CO,466
HX,AG,456
IU,I,384
BJ,FT,281
GW,IH,623
GC,CZ,103
GP,AK,863
AX,EI,178
K,KE,501
IE,BI,335
DQ,BR,943
CH,AM,233
BS,FK,330
FC,HL,616
BB,CK,911
CB,BF,843
IU,IP,601
DK,CU,617
JA,HJ,40
GU,BR,374
HB,U,872
HO,JG,446
CH,GO,620
GO,IT,634
F,CQ,819
GM,DW,13
Y,IJ,29
IS,BA,635
ID,HL,771
AL,GK,508
FR,CV,770
GJ,B,811
V,AT,339
IT,BO,28
AV,EM,162
CM,HG,353
AN,IJ,84
I,AD,803
JV,HN,116
I,IP,927
EM,DU,822
FK,FS,541
GD,HG,553
GZ,CX,464
GL,GG,180
KL,IY,583
FJ,FH,866
Z,DO,273
DI,EQ,879
O,HN,536
IC,HL,710
Z,HL,427
JD,FP,532
JN,N,741
HF,GH,992
AN,EM,68
HN,KF,199
AX,CL,411
EK,U,417
BV,BL,232
AA,GE,512
EQ,GG,840
K,DY,555
KC,G,892
IM,DZ,192
DA,IV,344
GV,CC,290
EZ,FX,43
AC,DT,904
IL,IR,457
GS,IH,800
X,CN,771
DR,EV,950
JX,BR,166
AJ,DC,928
Z,ES,861
JS,FY,245
BM,HE,346
FO,GZ,21
CG,GA,52
DW,HJ,837
IE,E,775
HD,X,874
DP,W,566
IU,X,723
KN,EL,36
JO,BE,260
FH,GL,150
HI,JE,755
GA,D,448
EE,CH,657
GU,R,441
JG,GQ,226
AH,JC,946
HD,BO,458
BN,BE,336
HM,ED,369
JI,KN,641
GX,EL,342
DA,GL,411
CK,JG,447
GB,KG,656
BJ,BB,122
ET,ED,803
GE,EL,23
IS,AL,659
CP,IK,399
DJ,BQ,549
BV,AY,364
HG,BI,121
DV,DW,652
KM,GD,806
HX,I,208
DJ,DH,693
FC,IK,786
BT,HY,186
AZ,GN,375
DA,GZ,671
CJ,EF,803
JC,EK,359
HV,KH,551
AY,FA,882
CN,GZ,402
DR,W,238
EV,HJ,120
GE,GC,251
L,HV,923
HX,GU,211
BD,AN,308
HF,JU,287
KC,IL,38
HN,HO,153
KB,HL,479
GP,BB,793
BW,DH,64
AA,GQ,123
DO,DU,461
CW,FG,700
ER,HB,413
FN,AG,886
FG,IL,720
Q,H,344
DW,BW,53
FX,GL,757
BM,HZ,66
FM,II,671
IW,BL,607
GK,GP,513
HU,DA,403
EB,IA,312
JC,EG,581
HR,KM,458
JE,BW,488
EF,JY,830
IQ,EI,858
KC,FV,704
BP,KN,293
JE,G,969
U,JH,633
CX,EW,56
GO,HI,666
AW,BI,881
Q,IU,440
IE,AG,423
JG,GM,508
CC,FS,641
BJ,AP,809
IY,GI,319
BE,BK,815
DB,JU,896
KD,BB,322
GZ,JK,788
V,ID,389
BJ,FQ,837
ED,IX,28
CQ,FM,800
DU,CE,261
N,CE,728
CH,KC,997
BR,KA,905
IA,Z,897
IZ,HF,990
DN,AM,660
AD,S,629
FQ,L,603
IE,IB,583
DE,IC,930
BW,FQ,586
DU,DA,787
JC,E,805
AV,DQ,889
EC,BL,709
EC,JH,905
GE,BJ,978
CP,GZ,520
AZ,IR,616
HT,DQ,294
G,FT,260
KB,IQ,103
W,BF,507
FQ,BH,49
KE,BY,467
IA,FQ,148
AJ,HC,251
HQ,GU,624
JG,J,638
CO,GJ,741
GO,KC,764
FZ,EE,327
HP,CE,758
FY,CX,434
CH,W,835
ED,IP,557
GD,JR,439
FN,DI,334
HQ,EN,958
AT,DV,223
IJ,CY,905
KG,Z,881
HO,KC,815
Z,DR,867
AH,EK,58
AR,CN,884
IR,AN,492
BJ,AD,686
HN,BO,992
HB,DC,664
CO,GW,132
GT,DP,806
HC,FV,832
EC,BW,138
JK,HP,844
L,GA,47
FU,EG,658
JX,AT,399
JK,JC,365
GM,BH,80
CE,GZ,619
EH,HY,750
AJ,BJ,540
Q,HF,760
KI,JZ,260
GH,JJ,850
DE,JY,432
HJ,DK,399
DR,IC,306
IW,FO,928
AC,KC,540
ER,K,221
E,AX,577
IX,AM,556
FM,DJ,200
IR,CB,650
FG,BN,552
JA,DC,904
GY,EJ,339
KG,HI,542
GH,N,664
H,D,422
CD,BA,144
FX,EL,193
Z,EQ,509
T,F,519
FF,JI,387
BW,BT,60
EJ,BT,395
DS,IV,649
FA,GR,17
FA,GV,778
B,DX,310
JH,KB,142
HQ,IF,794
AD,BQ,199
DN,JO,777
BU,AZ,519
KA,GM,372
JP,DC,888
JV,CZ,721
DY,GT,392
JX,O,970
AR,HI,778
HS,DD,76
BR,DB,769
HV,JB,817
DH,HK,976
BC,AW,162
BU,FH,343
CX,CN,245
AT,IF,237
DV,EY,519
HV,KC,570
GZ,GV,427
HB,KN,415
JD,GJ,867
CA,AU,63
HX,CM,676
JF,K,909
IL,HI,152
B,BZ,821
AW,KE,632
S,DG,599
F,FT,579
AH,GK,84
HL,GU,369
HT,CR,477
IO,EB,171
CI,AU,437
CF,CL,505
EL,Q,97
BT,EM,77
DY,J,43
JX,EM,812
JV,CA,138
FK,BB,374
K,DN,630
FM,H,20
CM,FZ,976
KI,IW,515
DI,IN,369
DB,BA,84
E,IY,490
KE,JR,716
AR,JX,366
BZ,CL,686
BD,DR,619
JB,JE,872
AU,IX,569
HZ,FC,298
HN,ER,607
KA,GD,382
S,GO,19
BY,HY,56
FB,BE,351
IS,ED,556
DD,GI,27
BA,DS,541
DZ,DA,422
FR,AV,766
AY,DF,746
KA,HV,951
IC,BE,405
CJ,KN,84
EZ,AA,219
DV,DA,774
AY,FQ,430
IJ,EP,933
FK,EF,477
FM,FI,229
HF,JE,544
CR,A,170
FP,DF,69
DK,AK,246
Q,DY,569
GA,DC,67
D,JV,105
DE,AF,310
HC,JF,891
FG,JQ,216
GF,CI,881
AJ,HG,758
AL,FG,179
CU,GJ,85
AT,KH,630
JT,BA,885
BH,DE,428
BF,AI,965
HE,IP,972
HQ,CH,656
CE,AA,967
CW,FH,555
JS,AW,605
JX,X,245
DM,FN,218
DI,CX,888
IG,BC,535
IA,R,551
BN,A,960
IH,FE,261
CZ,CT,639
HF,HW,214
FQ,IN,775
A,BM,330
GD,R,764
GG,GT,716
AD,CA,921
CL,FW,934
KK,DJ,771
ID,HP,792
FL,HP,232
HZ,IC,857
DL,BG,831
KC,DV,734
BS,JL,172
X,HC,806
GR,JN,78
HC,JW,97
BU,CX,990
HA,JQ,792
BE,BB,950
DT,EZ,895
DL,HM,936
FY,DL,628
DH,CN,832
IV,HO,579
KK,O,561
EG,FR,568
AI,CS,602
BD,JW,496
FQ,JL,924
EL,GH,481
GB,AN,757
BB,EP,211
JY,GO,333
BU,IA,15
HD,IS,858
FG,JV,880
BO,HQ,97
BI,CP,24
EI,HQ,653
KM,BO,505
IL,AE,629
L,R,433
G,JV,722
IU,GI,530
EL,DL,926
AT,HF,639
GN,FG,971
CF,EE,663
IA,B,761
JC,IG,404
KM,EL,356
GJ,CN,485
DS,IO,626
DT,U,180
F,DK,463
FT,BR,379
CE,IV,334
EX,ES,236
DV,FY,99
D,GF,196
HB,ES,127
KM,DA,653
GP,GN,410
AZ,JJ,912
K,IV,582
AX,JU,681
AB,DN,613
JP,BP,263
FX,HZ,252
R,DF,81
IN,CM,337
EP,P,974
BT,JY,38
C,BJ,113
KB,HB,741
GY,EY,669
CN,AO,312
DX,IH,957
EA,HI,185
BY,IP,356
HO,GU,979
FE,JP,594
BF,BU,409
GS,JL,528
AU,GP,409
HF,HG,991
IK,AM,45
ED,AV,696
FL,FT,454
AC,EB,340
FO,G,799
IB,JO,138
BZ,EC,531
FZ,IW,814
AF,IN,142
HJ,KM,312
P,CX,861
GF,FU,535
AO,DC,781
X,DP,967
CW,DR,48
AI,EL,314
EU,FU,159
A,GC,138
HW,AL,567
GG,JB,680
BE,HT,959
EU,JI,484
BK,JS,820
JV,EB,521
S,HN,96
DT,FX,32
FO,EW,536
GH,DL,99
IR,DV,382
AA,CI,277
BL,JW,98
BZ,IY,449
BS,IJ,426
GO,BG,114
BS,GI,95
CP,CO,766
FS,BY,370
FF,DI,309
GY,FP,946
J,Y,604
AD,AN,627
FA,IO,817
IX,BH,170
DS,DK,787
HO,KA,395
CU,B,267
IR,EM,927
GK,HI,388
CV,EG,437
FO,JR,179
DB,DH,299
JH,GE,226
FG,U,355
BY,HK,251
CN,AY,880
FH,Z,327
FB,DH,756
A,GJ,361
EX,HU,29
DF,DO,645
HQ,M,988
HD,DZ,356
AG,FI,522
U,BQ,757
HC,GY,249
JE,FS,653
DY,C,570
EH,CS,161
ES,HS,187
DL,CX,205
T,CM,303
EJ,DR,695
GJ,FT,205
FP,DJ,194
BY,FX,645
IE,HO,768
AQ,BO,790
CU,BB,367
GU,FL,56
EF,GF,921
AW,FU,461
EG,BI,813
V,GR,708
FC,B,273
BD,FT,90
BF,M,215
KB,CS,968
GH,IK,307
IP,KK,681
FA,EH,86
IO,M,847
V,JC,633
CP,J,649
FV,GW,376
DX,DC,463
KI,HT,349
CE,V,865
EY,HE,31
FF,EU,871
BG,IG,36
BN,FW,576
EA,BJ,998
BA,CX,249
HX,FL,217
ES,AJ,304
JO,IN,50
AT,HG,57
AC,AW,362
CV,JS,295
HW,BW,629
IG,AP,162
JD,AL,370
X,JW,436
KD,FP,670
IX,AQ,326
KH,IC,528
HZ,EP,753
IH,JQ,130
IC,BW,720
W,O,908
HT,GV,899
W,JS,931
BS,HV,318
DT,HN,413
FJ,EN,778
JZ,GZ,830
GB,U,219
GE,ER,398
I,GA,266
BR,L,431
EW,EE,917
BC,DS,534
HL,IH,412
FO,EV,340
BJ,CN,904
IW,FF,545
EU,IS,166
FK,G,328
KC,DE,80
JO,GC,271
BV,BK,575
AM,IP,334
JN,DW,851
EV,JD,127
GP,CC,626
HV,CP,838
GQ,IY,440
KG,JY,285
BM,JK,935
CS,CX,100
AN,CY,616
HS,BP,46
EQ,HI,42
FK,KK,271
HW,V,479
EH,JY,537
AL,KJ,391
DS,EJ,987
BW,GD,558
IM,FW,718
GB,BZ,703
IZ,AD,179
J,GW,648
AK,IC,238
KH,DT,293
HF,EQ,564
JK,FL,161
FV,KJ,486
IX,EI,622
CN,CK,251
HD,C,632
FA,HY,649
GV,FB,200
GQ,U,546
CM,I,615
HK,GY,171
DE,KL,897
AU,EF,172
AZ,EC,916
GT,CQ,269
JF,GQ,168
BY,FK,755
DS,GC,184
JD,BK,983
G,FL,257
II,K,856
IK,AO,403
IC,FJ,497
M,FI,773
GI,EL,335
DZ,EO,484
JH,I,963
BJ,GX,575
JE,BI,812
L,CF,103
JN,BZ,244
X,BJ,784
CK,FG,541
X,AL,19
IR,DL,95
FF,J,382
GZ,HO,703
AX,DY,350
GT,IO,397
CZ,GS,111
CH,JC,691
AA,AY,148
FA,DT,152
IX,HA,617
JP,BM,761
AX,AR,370
BQ,DI,497
G,AZ,524
JX,JD,457
D,ER,85
IP,KA,145
KA,AM,518
ID,AS,249
FG,HZ,262
IY,AO,646
AZ,CR,701
C,DQ,358
CM,CB,282
JO,JA,458
CR,EY,92
IJ,B,163
AF,AZ,102
CD,CG,275
CO,HO,749
CV,E,338
EV,CO,612
BW,HI,23
GH,BV,378
JL,AV,160
JI,AO,107
KI,B,702
JH,L,276
GX,FM,61
V,HC,977
DU,EJ,369
AE,DT,632
JF,IC,810
CX,AE,498
AW,FG,887
FX,KA,700
HW,AS,690
CZ,GR,697
BX,FK,290
DY,JJ,330
JO,IM,422
EB,BB,136
DF,DM,260
JX,EY,257
IB,JA,859
EJ,EF,42
EN,FZ,893
JJ,CM,380
AE,HF,566
CJ,AJ,677
FA,FR,584
IV,AU,927
DB,FV,189
AV,S,683
HP,FZ,617
EZ,KK,718
CK,AQ,134
GE,GJ,693
IF,BC,893
KD,GE,360
DQ,HC,936
GF,IG,687
HD,EA,221
DF,CB,364
BA,HM,704
GK,BB,900
JR,GH,31
JV,HS,763
IL,JT,836
CJ,FJ,651
FK,GU,940
IK,EB,513
JP,BK,656
FF,HG,161
DP,CL,628
O,DY,516
JS,GE,104
IM,CL,295
FQ,A,485
DY,GC,58
HM,BT,365
IV,CS,950
FW,IY,105
U,IW,818
JI,N,212
CK,CR,503
FH,HH,934
CA,IP,43
EM,GR,546
DK,C,923
KM,EU,774
AP,GI,38
CJ,IE,83
FJ,KM,75
KC,CD,675
FU,H,420
BY,GF,50
EO,FG,436
BL,KB,344
IP,BZ,492
FF,GB,58
AX,IX,591
BO,KL,978
A,BY,369
JL,JC,321
DH,C,42
DO,KN,575
FK,GK,459
AP,DT,340
GB,CL,750
BE,CF,776
IL,FF,69
DU,BH,85
K,GP,235
IZ,ER,833
AV,HK,245
JK,II,272
AH,HV,583
JR,JB,250
AN,CU,660
JL,EL,611
KL,IR,429
JH,H,344
EL,BT,776
DC,AS,571
GN,EZ,81
CB,FB,81
CB,S,469
AV,CN,782
BW,IW,836
HX,CK,934
KA,HA,384
AC,N,388
Q,DG,632
BV,GF,764
FA,U,266
ES,AO,489
EU,FQ,932
BX,HD,274
CQ,BV,170
FW,IC,466
HL,BZ,940
EY,HC,677
AH,JH,395
CC,HE,413
CP,JU,817
AT,FU,295
S,DY,757
FX,JQ,797
HR,GD,375
IC,HX,175
IF,AO,716
CA,DT,125
IO,DG,715
FR,CQ,620
EQ,BT,78
IZ,IA,180
CH,H,184
DE,DQ,400
ES,FS,409
HD,FU,588
DU,GI,884
CV,CA,636
AR,BK,526
HX,L,268
AW,ET,271
KK,CV,670
JF,P,989
DY,GM,564
GE,IC,450
HL,JG,479
BT,BE,287
CZ,DK,366
EX,JN,499
JH,AR,237
JD,GR,644
BP,BN,814
BY,EZ,287
HP,CK,899
FC,DM,281
CM,GB,533
AY,JM,101
HL,HQ,161
BT,EZ,26
BA,HQ,684
AB,CK,793
IV,EU,713
IH,DC,697
GL,L,715
DX,HE,321
BI,HI,390
BB,FE,840
BA,CW,521
KF,HA,13
AL,AO,870
GE,HF,541
KL,BV,681
JU,IW,473
FW,BY,729
BN,JA,347
BL,JH,296
DH,HZ,746
KI,FS,782
AM,CS,714
JK,EK,982
M,IW,111
IU,II,165
BB,DT,707
O,GA,277
JL,EN,706
JK,GV,789
AV,HL,840
HR,X,327
AG,R,902
EB,DR,144
BF,CY,393
DQ,CW,278
JU,EI,897
BC,ID,22
BL,CT,198
CG,JU,78
HF,CC,807
V,CX,912
AR,EH,715
IF,EH,246
CS,JZ,839
BY,HI,81
JI,FM,611
HX,GI,611
HS,JW,760
IO,DZ,459
JV,U,614
CE,DZ,176
IW,KK,520
CI,IN,155
AO,AX,415
AP,EC,379
B,JM,665
KD,EZ,860
BO,X,173
FJ,BR,165
FV,BT,298
IT,DK,511
GR,HS,949
DA,EN,152
CW,J,772
JO,BK,701
HW,IA,713
HW,HQ,919
BM,FG,825
JB,JO,186
AF,GL,26
FE,BO,727
IE,FP,530
BA,JO,520
BQ,GV,137
IG,S,305
AL,GJ,497
IE,K,232
FS,GM,559
HU,KK,311
FO,ID,993
DI,CA,561
DK,HW,408
CD,EH,983
HM,BF,795
FA,DG,610
J,FY,77
BA,HG,336
IL,GW,433
ES,EW,832
GZ,GG,321
FI,II,959
FQ,JS,673
JP,HV,887
JU,AU,440
AN,IZ,768
BZ,DR,644
HP,FA,418
CT,CH,182
GK,JJ,119
GG,EI,504
DJ,G,612
IH,FJ,622
HO,JB,334
IC,GI,232
FA,JZ,90
X,HE,325
FX,HJ,321
AC,II,286
FL,JG,107
I,FU,694
GV,EU,275
JI,EA,198
GS,KA,297
IG,ET,659
BV,L,763
HL,D,207
HM,JL,474
GX,EU,524
AE,DE,967
BR,HU,538
EL,AN,762
CM,L,516
O,FN,541
DU,GM,902
DI,FK,594
ET,GV,551
FI,HW,479
FA,BO,285
GW,BC,699
HK,CO,977
BF,EC,870
EN,DL,491
B,HU,960
R,DL,234
H,B,454
GM,FG,514
BG,JL,189
AU,EW,20
JQ,AP,111
CA,AL,37
HN,DL,145
KA,KH,881
JS,EU,393
HS,EP,275
GC,FR,846
IZ,FM,767
K,CA,653
CJ,DY,131
KD,IK,217
BG,ES,887
DN,KC,949
HR,IS,611
GX,C,703
CM,HW,534
IS,JT,965
KC,CP,811
HG,EF,95
FR,GM,897
EW,GP,874
FT,IW,697
DX,BA,737
EH,DU,934
FJ,JS,929
DE,BL,856
BJ,HW,594
HE,DN,455
BG,IJ,835
CL,DB,234
HP,DA,810
S,JC,184
BS,FY,789
EP,GV,598
HP,DN,359
IU,M,655
EJ,EC,285
IQ,Z,384
GW,DL,540
AL,FJ,639
JX,BL,674
CO,FN,413
CJ,BH,779
CZ,GN,956
O,AO,419
HQ,GY,203
GQ,JD,235
FB,FP,780
EF,CE,433
KJ,F,979
HF,BR,436
JE,CU,933
DD,HK,710
ED,HK,489
JX,AB,349
DQ,KF,508
DT,CO,885
AB,HS,601
I,CT,112
Y,HL,368
S,HY,349
DH,BI,412
BA,DR,878
BC,IJ,664
Y,CN,733
CE,GI,110
EQ,H,780
FB,CD,621
IH,HR,418
AX,GM,336
IY,K,406
EQ,CI,186
FF,KC,677
KA,FV,931
FH,CN,489
T,IW,260
HL,EV,560
JB,IM,775
FS,GH,119
BQ,JP,245
KJ,FE,219
DE,CY,280
BZ,JO,341
EH,CK,664
P,HQ,498
JX,AW,77
AS,GF,615
CV,AW,611
JQ,FM,723
IR,IS,210
DY,M,653
IS,FT,260
BE,FP,562
R,P,669
DL,AQ,861
JB,HS,876
EP,FN,842
EY,BI,773
HL,DH,471
M,IA,597
CP,II,955
EX,DF,526
CM,FV,625
JL,IT,169
IL,KG,298
R,HR,46
BI,EF,254
IH,CK,399
CQ,KG,663
C,EB,669
JA,BM,569
AZ,AP,491
BM,IH,715
FC,BL,663
FX,CT,245
BR,JT,710
C,BV,984
EY,AE,176
IJ,GY,621
CK,R,58
CJ,JH,794
AK,FT,753
HK,EY,996
BJ,HP,102
AT,GR,71
BS,FD,214
KH,FM,673
HH,DE,746
Z,DK,741
H,FX,337
GU,CS,959
KI,BO,551
GS,CK,819
CF,EL,360
JP,CT,75
HI,BC,959
AF,FF,51
T,JV,550
EG,AH,12
KE,BJ,484
B,HW,596
DI,O,342
AG,GS,857
CF,AZ,392
FA,HB,888
AA,EG,254
BN,HR,948
IW,GO,991
U,JZ,836
GK,U,578
ER,AU,124
BO,G,971
BX,BT,256
HQ,G,594
GI,FR,281
AH,AG,583
DM,FS,467
IE,JT,944
ES,DG,500
KH,ID,801
G,DC,477
FP,JB,792
EQ,JV,85
HX,AN,606
DB,FI,852
JS,JH,94
EO,EC,292
FV,KH,741
KH,BQ,313
W,BP,250
DI,BK,497
IF,FP,286
IT,B,651
DK,HN,902
AD,HG,762
AJ,IZ,745
AB,FF,327
AV,EU,675
BL,BH,449
IV,BJ,827
KI,HW,146
HA,AT,353
FQ,FR,952
IZ,JG,873
FP,CG,678
HM,CK,648
HZ,DR,22
CE,CS,616
JF,BX,497
KF,FK,936
KM,BN,802
AX,KB,662
D,BV,953
EZ,EP,587
IM,BA,443
JN,GH,785
BJ,A,187
HT,V,34
CU,BE,301
HX,HN,581
DF,EQ,72
IO,AF,58
I,FF,982
FC,JC,280
JT,DH,271
CB,HF,864
EW,FH,282
EB,DH,748
T,CI,924
BW,EE,438
FG,KH,280
HA,JD,983
HB,AH,399
DM,HF,373
J,BC,245
CI,CE,720
BS,P,570
EV,CE,214
JW,BM,490
EV,Q,85
IM,CD,258
FC,IP,721
AK,BW,575
GT,FL,70
DR,GO,396
HJ,GM,468
JD,AF,789
GL,H,839
AT,AF,108
DT,JR,894
FX,BN,543
HG,EW,45
W,JH,442
FF,T,709
EI,Q,164
BI,GR,44
AF,N,868
IX,EC,347
JN,EH,740
KB,AH,980
DK,CD,871
HN,CG,406
JM,JD,761
DO,X,183
HD,JT,112
FV,DZ,994
FH,IX,322
BI,M,452
KF,GZ,835
AH,GR,208
HA,AG,912
AN,GX,988
AZ,IO,633
BZ,HJ,54
EO,EH,525
EV,T,58
JP,E,755
EM,GQ,759
KC,JR,557
C,AW,159
DM,X,887
BT,BZ,208
CU,FW,208
AW,IT,955
KA,F,707
BP,KF,288
AO,F,248
W,HE,643
HN,DB,621
IY,EE,77
CB,BA,108
GS,KN,906
ER,FU,856
FP,M,852
JR,JF,928
DE,HG,761
Z,DM,550
KL,JG,792
GI,HP,719
AX,G,733
II,JY,709
JQ,DM,875
H,GU,545
AN,AB,631
AJ,GY,817
HJ,EI,281
DA,Q,717
KH,EG,373
AQ,DW,153
CV,FA,427
CQ,HP,904
CI,AJ,604
KH,GF,950
ED,GQ,741
JK,DH,908
HN,L,440
JX,T,399
IZ,EI,743
EF,HS,969
BL,KL,415
CZ,AL,999
W,IA,127
GT,AR,388
HX,EW,850
GM,IM,949
CV,JD,851
EF,FG,441
JT,DL,468
EJ,HW,815
KE,JL,244
FZ,D,279
EO,BM,746
DT,CB,139
FP,N,118
GU,EE,237
EP,JE,184
CN,K,493
DN,BA,341
CX,GX,503
AA,IZ,83
KK,JS,439
H,KH,722
AL,HG,968
BF,Z,844
IA,DA,353
D,AC,675
IQ,EN,753
W,EI,209
GW,HA,788
CY,AY,763
IZ,AS,257
FA,HX,885
IC,CU,37
CL,AK,116
DF,KK,31
JJ,KI,201
KH,ER,987
BW,JV,679
BW,CX,654
JC,JY,267
JI,CD,623
FH,AC,274
L,KC,258
DL,HC,841
HO,I,254
AW,HT,918
CP,BW,103
GA,KJ,525
HT,FW,616
BX,FB,625
GE,AO,511
EY,DF,381
AG,JC,798
DJ,KI,24
IB,BP,627
BP,FG,157
KK,JL,358
HT,KD,385
JM,EA,937
JD,KB,264
FQ,BN,905
KD,O,857
BY,AG,480
IE,GL,565
FL,KD,115
EZ,JM,535
BQ,EW,401
HP,GX,796
GZ,FR,660
FC,GA,563
DQ,GA,520
ED,GP,564
IU,DR,718
AH,IU,85
JT,EG,306
EA,AN,965
FV,AR,787
EW,I,880
CE,BJ,470
AO,FD,396
EW,FT,844
GL,C,458
GE,FL,501
GB,HJ,260
R,HV,814
DG,HF,125
HS,JP,375
FG,AQ,262
IY,AZ,689
CG,CI,987
BW,CA,39
EZ,IU,879
HZ,GX,746
IJ,JA,884
FU,HG,810
AG,CO,977
ED,J,476
IY,GR,47
DY,GH,833
DB,BH,585
F,IE,570
K,P,553
DE,X,710
AT,HR,67
DS,U,493
DE,HO,220
EO,I,494
CY,B,231
FP,JS,485
GO,IR,125
CS,CP,78
DD,J,73
G,FV,536
ID,EW,609
ED,L,875
EX,BJ,170
IQ,JC,51
IX,CX,708
DF,GA,646
CZ,P,394
EE,AP,506
HJ,JT,922
CU,HB,811
BH,KI,584
BG,A,700
AB,BZ,487
JV,KJ,16
BY,D,798
GS,HC,178
CX,EP,569
HB,GS,490
FF,JM,205
GX,JF,833
HX,IA,327
CO,FW,783
EX,FO,72
FD,DR,428
CL,BL,324
K,DP,589
HA,CW,448
IA,BP,129
BB,EX,673
J,JC,331
HG,JV,891
BY,BW,793
FM,GW,754
EK,IP,735
K,I,813
HM,HP,379
F,JJ,407
GW,GH,674
JS,S,873
BA,HH,305
GI,GK,67
FK,W,567
AA,DF,356
G,FD,969
II,JW,522
CS,HM,21
BH,IN,189
BJ,JT,447
HU,BE,702
FK,EV,834
AI,DP,880
IO,II,966
H,JC,987
CC,IC,174
FL,HM,450
GG,EP,748
GZ,HL,855
AV,KL,837
FU,CL,947
KM,AA,341
JF,BK,766
AM,BD,524
JP,FL,668
IA,CN,257
AT,KJ,319
GD,GY,23
IQ,JI,559
DM,GK,49
AQ,GF,720
HE,HI,329
CI,V,885
HW,O,424
EE,GZ,143
B,G,197
FC,DL,82
KA,KN,933
HC,AU,538
AR,AH,417
AN,P,635
KF,J,102
HF,HK,476
CB,CQ,843
C,BS,869
GW,K,849
ER,IM,847
BT,EI,563
BM,DC,197
EZ,Q,500
IZ,DS,414
KJ,GS,144
IR,DT,638
HV,BL,735
BN,EP,372
JZ,EQ,912
CG,JG,994
DJ,GB,268
AO,CA,188
EU,IG,466
GE,CU,335
DP,J,843
GF,BZ,779
BS,B,216
BO,DR,949
DN,W,129
HI,AD,432
GK,P,664
JW,JO,71
BK,KE,836
GX,JU,515
CI,JQ,831
DW,Q,632
HJ,JH,951
HU,DR,683
FJ,AN,60
DC,K,119
JJ,GI,152
IM,CM,220
FM,IU,342
CZ,JF,520
IB,JT,788
CS,DR,854
BM,EH,656
EY,GC,680
AM,GD,529
DM,DN,682
BJ,FW,844
HL,EG,479
GZ,IQ,803
CR,JO,245
IU,W,647
CZ,IP,908
V,BM,193
AH,AZ,14
DZ,GT,468
KA,DV,850
FG,DC,719
JX,DH,920
AG,FT,343
IA,BR,163
BT,AZ,200
IL,FY,82
IQ,CE,888
JX,CW,212
FE,ID,233
IN,AM,215
AF,FS,305
EM,KL,929
DF,X,15
E,BM,880
B,BP,634
JM,G,643
GR,BV,676
IQ,HD,38
HV,FX,618
DO,EC,489
T,HB,471
GN,KK,367
IP,AG,574
IU,EL,755
FR,AT,277
AN,AF,815
DX,KG,930
HO,HP,199
IC,KA,621
FX,DP,524
CO,EK,966
FS,IQ,494
CH,S,53
AF,AH,879
DU,CO,644
GK,W,606
AL,IU,460
N,DS,761
BG,JY,684
HI,AI,707
BR,HM,651
AK,HJ,202
HX,DZ,277
HS,HJ,165
FS,E,986
JI,V,10
AZ,BP,841
CG,BX,156
R,KN,192
IN,CV,478
CX,HH,69
Z,N,894
GA,BR,510
HG,FZ,774
HN,BY,427
HO,U,669
FO,IG,656
AT,BH,974
HP,BO,33
HS,AL,783
IC,AG,304
HI,IU,944
BM,BP,901
HN,DN,953
EK,DW,944
HH,IM,794
FI,JE,406
DX,I,934
CP,GQ,998
AI,KK,731
HX,AQ,541
F,FB,219
BB,BQ,407
FY,ID,972
Y,KH,664
GC,EP,288
HL,HU,824
JJ,HW,73
FT,CJ,689
AW,GA,290
CJ,FD,185
GT,BU,902
G,GJ,314
KF,JL,489
EC,Z,781
AB,AZ,915
IR,HJ,171
B,GX,725
Y,HC,389
FY,JR,879
EW,ER,29
EX,EN,165
A,HP,276
CE,KH,859
BM,CZ,193
JD,CT,553
DC,CP,287
AH,FJ,622
KF,CD,924
IA,IY,581
JK,FB,266
ES,EY,721
DV,BG,845
BZ,HS,693
JN,HT,155
GA,IJ,820
E,EE,751
JM,IT,164
CQ,DG,243
A,CT,260
AN,IN,558
EO,GI,116
JP,HR,908
BY,W,629
HO,GM,393
I,BS,725
BG,JD,50
EC,JA,389
FV,EU,165
AP,I,813
CA,HF,669
JA,K,309
AX,GS,227
S,DK,203
DA,FF,443
KE,GJ,12
DL,AE,93
JZ,GJ,232
AJ,A,639
DD,HG,731
HD,HG,799
DV,BW,83
ET,JB,496
FD,JO,770
HJ,FL,948
CW,JO,103
JA,BF,243
KG,KH,233
IA,BN,929
D,FO,347
GS,AF,319
CW,M,489
GN,CR,971
DL,IC,789
KC,BM,940
AU,JK,394
DA,IP,578
EE,FJ,405
FZ,DU,633
AB,DS,964
CK,FO,717
AD,CG,703
JN,BE,819
JX,DN,412
BQ,HO,627
W,EZ,107
J,HH,911
ID,HY,758
JW,AJ,348
EB,BA,768
EQ,CK,33
EQ,O,366
HX,FC,263
BR,HH,435
HL,JL,796
IQ,HC,23
CJ,BN,365
EH,DA,427
AU,HV,527
CE,EI,602
G,JC,605
AD,AO,755
AX,CU,648
JN,HB,873
BH,FK,368
AC,G,897
GM,CP,810
FV,CZ,299
FJ,GS,426
BO,GX,250
JK,BC,569
BN,KI,869
KD,BH,897
BO,EU,953
EJ,JU,611
FB,GS,383
DM,T,801
DM,KH,706
BE,IX,460
DM,IQ,796
IV,EZ,455
CS,N,942
CJ,EM,946
CN,ID,298
IV,GB,976
HD,EO,357
F,CS,733
JJ,DP,205
CJ,EV,525
EE,Z,508
JF,AV,426
O,EN,108
CZ,HQ,871
R,IW,859
HO,ER,618
HU,AN,478
KA,BS,215
IB,GO,871
CJ,DR,730
T,IZ,363
DZ,JX,516
HQ,DI,129
BC,EJ,156
DU,KC,271
GS,N,76
BU,IH,457
DW,CM,141
DX,AL,628
JS,FL,401
GK,FW,150
BG,EC,664
X,AI,938
HE,KG,571
H,GM,46
F,BS,807
BO,BW,474
BR,ED,191
HR,JR,19
BP,HT,651
AV,IK,486
HC,IY,83
AR,Q,634
JM,GZ,567
JH,HE,305
JI,BX,857
BK,AG,946
BL,KA,604
HB,CF,598
Z,JX,901
JU,CR,150
BO,HF,330
HL,AI,375
JO,HY,58
JO,AL,507
JY,HW,831
DQ,G,88
GP,JG,690
CD,GQ,130
AW,GV,316
HS,AO,28
AQ,JS,383
GG,GJ,744
AK,CW,458
HW,JE,850
BZ,CY,764
FA,HC,503
IA,IL,694
AN,E,10
FO,CR,944
BK,CJ,776
GA,GK,421
FW,AJ,158
EE,IN,857
IR,KD,577
EU,JQ,512
D,FX,923
GM,DV,83
HN,BK,45
KJ,BH,945
FN,JF,292
HP,BY,514
IP,FH,352
ER,JX,273
IR,CZ,828
AU,DZ,615
AH,Z,858
KH,CV,330
CJ,EH,701
DM,CQ,782
CQ,AM,172
DC,FL,141
CF,GM,492
JO,FF,495
AP,IN,885
HX,FF,845
JY,DM,602
HL,JZ,14
FS,IV,538
ET,AC,617
IY,HW,851
M,JK,281
CJ,AX,932
AI,CA,18
HF,HH,520
HT,GF,557
KM,GX,551
KI,DF,634
FF,FA,562
HH,EU,614
FO,HH,449
FE,N,319
E,EU,692
G,N,442
CY,CM,376
DG,HA,958
EA,A,856
JN,GG,29
CN,CB,199
N,GK,78
EC,DT,392
AH,DV,724
KH,FP,90
AO,BL,323
DC,HJ,287
AV,EQ,38
GB,GD,388
EP,HU,23
IA,CB,728
CQ,FJ,837
FJ,DK,218
HF,R,301
KA,AB,538
JS,BR,647
IH,AO,560
KM,BV,524
JV,JN,522
IT,CD,573
BV,FY,268
H,JU,692
GI,HE,850
CS,HG,77
JZ,EJ,765
IK,CC,124
BN,IB,751
GF,GS,818
HW,CJ,154
DO,JC,923
HI,AU,816
JC,M,236
BU,IN,233
FZ,JG,755
GX,KH,425
JX,CU,445
EE,HN,498
KC,HI,903
JP,IV,822
GB,EB,787
EI,DD,448
GP,BD,234
IY,T,752
AB,HI,901
FK,AQ,767
N,BF,877
FJ,CR,482
EV,AQ,617
AA,HR,110
AD,K,215
IV,EK,426
GN,K,517
AC,AY,978
HO,FS,772
JG,BC,20
DS,GP,532
DL,I,947
R,AT,424
HK,CH,75
EU,AK,982
FO,DC,506
JL,AG,110
AN,IS,989
KE,GP,244
JW,KA,117
CX,EB,154
FW,DV,170
JD,IG,228
DZ,BT,894
JP,P,301
GH,JH,329
BF,G,441
GI,BV,773
FV,JD,362
CH,HL,543
CQ,EL,242
ET,AD,684
HC,FU,33
BW,H,221
AG,JT,107
IO,HL,568
DT,CW,193
DY,EF,969
JI,HY,339
DB,BW,958
DW,AT,738
AE,HN,694
JU,GH,782
IZ,IS,832
BF,AB,200
JV,BI,184
DV,DM,892
BO,HJ,153
CR,GC,878
FE,EK,521
JD,AG,866
JN,AD,89
IJ,HS,210
CF,BN,451
BB,AE,139
DE,CP,842
CE,DT,590
IL,GC,334
N,FZ,84
CZ,HH,67
IO,JG,482
GI,GM,241
HH,AT,229
T,I,30
FF,FU,842
KE,GF,179
H,AB,805
IB,HI,256
HS,GS,883
II,JJ,100
BN,GZ,443
IV,A,926
BR,BD,669
AX,JZ,124
DC,GY,948
F,CU,769
DF,Z,907
JV,CR,437
AU,CM,231
CV,JI,298
EE,FY,812
HS,DM,943
DH,HY,383
EB,EG,734
EI,FY,771
IQ,KL,715
FD,JT,338
AT,AS,116
AH,Y,691
FB,IL,108
B,AK,958
FC,JF,246
DA,FZ,340
GA,FV,23
DV,KJ,706
AT,BZ,120
IY,ER,740
IA,JT,19
DY,FX,319
GR,ET,397
GS,JV,297
Z,CH,905
CR,FU,722
GS,HZ,369
CH,HF,340
EL,HR,854
HC,CD,408
BU,HU,306
DX,FE,794
DP,S,373
BY,CA,363
FF,FT,605
T,HR,642
GQ,W,626
HX,AF,81
CR,HF,890
BN,DV,611
IK,AF,912
KM,AF,428
DX,ID,703
IK,JU,240
FB,GK,701
HM,CX,700
AU,GA,231
CL,ET,365
KA,B,668
FJ,HC,157
IA,JR,863
FZ,DY,905
JQ,AN,57
HJ,HT,800
DN,BY,409
Q,BD,25
KC,JF,326
HG,FK,345
DD,JK,779
HO,DK,786
CK,HI,13
CQ,JX,685
AL,G,262
IA,G,123
JX,AV,105
T,JE,85
GT,DV,178
JY,HE,230
AT,AW,558
JK,AF,86
KI,JL,750
CX,CO,21
V,HN,811
KM,Q,805
CK,V,252
IF,EY,314
JU,IP,589
IT,BN,564
AN,IW,173
KC,HA,651
GG,ER,119
EU,GG,232
AT,DA,674
HC,EL,454
EI,JA,491
BA,GB,277
DE,JW,67
AZ,JI,303
DS,KG,769
GD,IP,858
FX,AR,14
JR,EE,937
AX,AF,170
BS,HJ,904
AC,C,651
AD,BI,950
JL,BL,68
JN,GA,305
CM,CZ,352
AP,DE,697
JH,KG,374
IJ,HV,697
GA,JK,611
HZ,DX,961
FJ,DU,855
FT,JA,459
IT,L,904
FE,IP,287
KB,FW,148
FP,HK,548
CH,CB,603
FR,AS,90
HA,GU,721
EL,IX,468
EF,IS,782
CQ,CR,397
BL,BI,686
DD,FW,515
GO,Y,87
AH,JM,52
BH,EA,838
GT,KI,205
EM,AD,644
HW,JS,963
EZ,DG,941
BJ,R,377
GC,AP,698
IO,EM,239
GB,HA,571
JQ,AU,646
IB,ET,392
EW,AP,992
JG,JI,857
FX,AV,868
GN,CP,837
EJ,HI,964
U,DW,840
EK,AM,137
BE,FU,92
IY,KA,407
AX,JN,653
DK,G,898
GF,JX,500
HP,D,173
HH,IS,686
FY,EJ,584
DM,FI,652
BC,HC,840
FI,H,397
Z,GA,686
BN,AX,438
FJ,JB,442
CW,BM,204
HW,FB,60
IN,U,359
BG,ED,936
ID,CK,806
BL,GC,661
S,GN,206
DX,IO,383
BV,GM,160
KE,FN,914
W,CD,719
FV,HV,746
JX,HG,985
JG,DK,512
JQ,IS,210
DZ,FR,952
DG,CD,859
CD,DX,907
CG,EJ,366
IB,JD,758
JY,CK,525
JY,HV,379
KG,IA,838
DX,N,972
AA,AQ,33
IH,IG,789
JZ,CX,610
KK,JR,448
HN,IA,947
CU,BN,807
AM,CX,311
HC,AN,728
AU,N,94
HC,B,336
CH,JU,342
DS,AF,415
IA,GN,920
KL,CL,410
V,FL,797
HA,CD,272
BI,DG,76
IT,EV,36
Z,X,175
EO,JM,982
CD,FU,263
JS,J,829
FH,HI,983
IF,CO,838
DX,GA,932
DQ,GL,775
EN,AS,16
AL,AE,253
JW,EI,850
Q,AC,972
HD,KK,960
AY,GQ,909
CS,CD,260
HE,HW,643
CQ,BJ,704
DU,JA,239
KJ,EA,136
DT,EU,476
AD,AG,427
JB,EZ,855
Z,Y,265
K,JY,433
HH,U,412
FG,DA,211
IJ,FI,522
K,GJ,863
FR,HX,63
DC,AQ,815
CO,HT,340
FY,CA,401
KM,JM,346
JN,GP,322
K,IM,730
GF,JF,719
Y,FW,952
GX,HH,688
JH,JY,971
B,N,431
IL,DA,832
IG,P,802
JV,HI,643
GS,DQ,11
IC,V,407
HK,O,52
JJ,IY,554
DP,ED,957
IL,FA,345
HH,HS,777
CA,IU,347
GH,EE,310
KC,EW,65
GT,JL,545
CY,GW,102
AD,EC,715
BI,HK,680
IN,FK,402
HE,KJ,648
EW,CZ,860
DE,II,234
JT,Y,919
EV,GV,630
D,CY,500
GJ,H,665
F,FC,151
IK,HM,165
GF,EO,464
JV,BZ,145
DP,G,643
EY,HX,870
JK,GX,560
DR,IS,644
FN,JJ,757
CA,KH,293
FT,BI,294
BG,GC,543
GX,AX,352
HW,KC,301
GH,BA,304
J,KJ,937
AI,BN,806
JV,IJ,238
HJ,X,430
EE,BG,612
IJ,GE,899
JV,GW,435
KJ,DD,495
DZ,KA,717
IA,EL,477
H,IA,613
HT,KG,328
DQ,FK,282
JE,U,68
M,JB,448
BS,GH,468
EW,FU,370
IR,CV,867
FE,ED,738
DH,CG,36
DT,JM,974
DD,FX,939
GG,FY,759
JM,JT,507
EW,J,546
EC,HL,920
AW,DW,255
AW,KD,48
GV,CG,428
IP,BP,783
GP,HB,129
JB,JP,546
JI,KF,360
HH,DJ,325
HO,JF,374
E,EO,277
JT,AQ,909
IC,HC,780
DB,N,692
EF,DO,850
HR,D,323
F,AY,922
GV,BK,444
EY,I,685
IE,EK,935
HE,DT,324
FY,GM,755
BK,AY,543
C,FQ,151
EE,BO,265
GE,EE,166
AK,FM,503
BM,AS,112
CM,IY,674
AL,IX,835
JL,ED,444
EQ,DB,753
CQ,GU,111
AP,C,439
DT,IK,472
CN,BV,95
BO,JN,657
DG,DH,817
FD,BH,732
BU,ES,614
BH,AO,612
CA,FG,478
CC,EV,749
IQ,CO,341
IG,FW,328
X,IO,225
JH,CE,728
GO,EA,969
KD,DV,688
CD,EV,120
BG,DR,799
L,FL,95
EZ,DW,280
JP,AZ,681
IC,EY,95
BY,DM,961
G,BG,538
DS,JS,769
X,KE,639
DQ,HH,529
ED,EH,967
IR,FS,209
KC,DX,830
ER,HG,390
DM,FV,482
AA,AO,969
K,HR,210
AJ,ED,469
FU,KK,565
FP,CV,327
FR,BM,956
GY,Z,195
BS,DI,139
CD,CX,738
GK,ER,457
EH,DB,534
CF,C,714
IA,BM,904
HF,F,270
DD,AT,277
AQ,Y,610
IN,HR,555
EP,ID,201
JK,DJ,768
FG,DU,991
HY,IN,889
IM,GG,578
KL,AF,972
EF,JU,664
JD,DW,985
EW,FS,385
GX,JM,569
IO,FL,985
FJ,IT,538
GB,B,191
FN,EB,457
DN,EI,433
CN,JB,390
CA,D,987
EA,V,775
IU,JZ,208
IG,GB,232
IA,GR,225
HZ,DB,151
IG,AF,701
GP,FY,209
CU,AT,679
DR,H,165
BH,IT,26
HY,JM,734
JH,KF,548
BI,BB,723
BF,GJ,387
DL,S,64
GA,AP,556
DE,BO,206
BD,FW,233
BR,HE,372
JP,HI,273
BF,EY,740
AO,DJ,651
JZ,HW,59
FL,HB,152
JP,EH,977
BM,IY,149
BL,FB,377
DC,AI,802
DB,CD,188
IG,AQ,341
GL,BG,378
GU,JC,462
CU,ES,339
FU,IC,585
CC,JF,355
FC,HD,824
KM,ER,90
DS,HA,726
CM,JM,820
KA,EU,842
IP,HM,630
FN,FS,635
X,AE,697
BP,HG,608
DW,EL,491
EN,BM,624
GX,DP,514
U,BH,366
DH,BE,331
FT,GB,317
ER,EK,326
JE,CB,36
AY,FR,171
IU,JK,902
CY,IC,282
CB,GE,696
BO,EM,53
H,JT,173
CP,DR,239
AI,KE,384
AS,GN,267
U,HM,449
DM,ET,489
ED,JS,862
AZ,GG,614
EJ,HM,574
HB,AW,395
FI,JZ,299
DL,BN,742
AH,HX,911
CD,KA,750
AR,HV,382
JV,KH,224
JX,IE,250
BC,GB,230
A,DN,889
J,JD,489
GN,HX,875
FK,IC,312
AC,Z,744
W,EY,369
EE,ID,62
JL,EJ,851
IF,DB,731
IK,ID,639
HH,KH,159
FA,C,674
HU,Q,156
DI,DV,446
CL,DO,696
BL,IO,523
KJ,FO,715
AG,FM,879
JA,AA,920
FT,AU,223
CT,FN,399
H,CR,20
JI,AD,340
CC,S,601
HP,FG,789
AY,CJ,845
CE,AS,170
AP,CA,293
EV,FS,708
CW,EN,56
DS,BZ,425
DD,FJ,17
BP,EK,100
JD,U,445
BX,EE,31
HG,FG,85
KN,IY,249
EH,IV,865
G,EP,170
EE,JQ,846
GI,DI,94
BK,HQ,583
CW,IP,768
FS,BO,942
ER,DN,753
L,EV,505
JF,AK,276
II,CT,527
GS,GX,878
IU,EI,932
DB,HY,125
AJ,AU,619
HC,HU,356
GH,GD,515
DT,EG,459
FH,EM,829
AQ,JR,640
CD,EU,273
GP,IS,403
BL,JI,731
JA,KG,728
L,BZ,705
JM,DE,555
AF,AJ,408
CU,EN,371
CA,DK,276
EY,AW,606
G,IP,413
EN,R,288
GB,EN,855
AH,CS,359
BG,EU,207
GG,EV,405
BI,D,660
CT,AA,771
J,IB,875
A,CK,101
GL,GQ,813
BM,AG,82
KA,AO,962
IQ,EC,575
FA,CS,46
IN,GJ,924
BW,HH,846
KL,AO,911
CT,IN,398
BC,Y,341
GP,JW,795
BY,EL,749
JZ,BZ,118
IU,FI,932
DC,IW,123
GB,AX,764
KG,AZ,208
D,GH,100
HN,AW,88
CJ,HN,824
X,GQ,152
HD,GE,858
JN,GE,738
GN,W,451
IG,GI,557
AU,DX,306
JU,GW,528
HH,CU,453
GI,FI,996
J,DB,798
JM,IJ,269
GU,GZ,451
AE,GA,475
JY,KC,734
ER,N,762
AI,FD,243
KC,IS,691
GH,EI,229
HQ,O,15
AC,AQ,792
AD,FI,41
DZ,KG,471
BA,CJ,431
FG,D,963
ER,KA,105
J,CD,237
EE,EQ,776
KD,GL,341
FX,DU,879
DV,HU,27
DR,GT,888
FG,FO,905
AK,AB,14
JC,IS,689
N,FF,203
EM,CT,548
IN,A,255
HY,HH,990
EU,HP,833
BM,AX,899
AQ,CB,996
EY,JH,337
CD,JJ,655
BV,FU,821
IO,IP,901
KF,BF,362
HE,JO,271
GU,BT,478
EF,JV,992
IR,GE,499
GP,FI,66
GV,FQ,675
HK,JR,531
JH,HC,130
CH,KF,391
GF,DC,235
KE,EB,451
HO,A,577
EC,DE,835
HV,IK,912
DT,BZ,847
HY,FI,679
AX,CB,549
HK,I,784
BK,IJ,767
JB,KG,484
GR,DQ,341
EY,KK,328
CU,K,623
IA,CS,869
JZ,IT,589
KE,FV,463
GK,DT,407
JE,KK,790
DS,HQ,506
KH,F,745
AQ,HP,961
JI,AM,88
AX,GE,533
ED,FW,585
CO,ER,400
IT,IV,612
GM,HN,539
R,GP,518
HE,EQ,979
GN,AR,638
IU,BX,538
D,AG,874
BI,DY,959
KN,BE,694
GQ,CL,266
FS,GP,139
CY,FX,849
FL,DH,540
JB,KL,295
AS,IV,668
DK,AO,133
GJ,GT,423
Y,GE,311
AA,HX,51
GW,JX,683
FX,HE,137
GA,BJ,150
JZ,DD,432
HL,BS,595
JA,CX,60
AP,FT,115
KM,EX,226
FC,FJ,23
GN,DW,828
HQ,HR,335
GB,IA,615
EI,FO,290
DC,HR,667
GW,DO,70
IK,HR,226
EA,DG,673
CV,DP,159
JX,B,977
FK,CZ,707
M,FK,897
EC,AF,23
DS,JB,519
FP,EP,975
BD,Z,776
BU,GR,25
JR,GW,253
B,BT,214
IL,JB,296
Z,IM,839
KA,FT,716
GL,KN,245
JD,HO,616
AE,FS,401
JM,CT,372
BH,CK,433
HD,HL,104
HI,GD,182
DS,CP,809
IV,BC,823
FH,JC,748
JF,CI,847
ID,U,263
AP,CE,263
DJ,JH,113
HN,IV,984
H,FD,982
GF,CB,166
CM,CD,602
IV,CT,260
GC,GK,552
E,GO,473
BQ,DM,21
U,HZ,139
AB,CI,321
AS,AY,674
EM,HJ,868
O,KL,760
GN,AE,402
CU,A,491
L,HC,582
I,HT,508
EK,EU,682
EG,JW,693
BH,JI,699
FV,CH,967
IM,DE,403
AO,GQ,175
JE,BZ,174
AM,FN,496
GE,KN,785
EY,DJ,960
JG,GI,556
W,IG,736
C,CG,945
EW,FY,849
KJ,HY,778
FY,DX,626
IN,ET,488
HE,IB,48
IY,KC,577
CB,EV,316
EF,CK,453
KG,AW,946
FQ,HY,924
DA,EU,500
FL,M,331
IC,HS,279
AJ,GO,952
W,HI,665
DG,FM,940
HS,EH,845
EZ,BU,800
EN,CT,601
IH,IM,339
IH,BB,321
AD,D,500
EG,K,881
DT,JI,798
JU,E,457
JH,AT,942
GM,GU,951
FM,AS,801
GC,IP,127
AE,CA,498
AC,GN,744
BY,DK,976
AP,CU,431
AZ,U,20
BN,DY,524
DA,BA,19
E,IK,538
IC,EI,62
IH,FM,409
BC,CZ,362
HA,AM,522
EM,HW,328
FY,AI,399
CT,HQ,304
IL,DH,463
DP,BJ,384
EH,J,265
AM,DD,274
GJ,FC,867
D,IA,321
IU,JO,18
EO,AL,612
DQ,FD,24
BH,L,827
K,JM,209
GS,AO,296
BC,DU,664
KI,AI,718
W,CG,324
FK,KH,956
HR,HT,932
BK,KL,911
KH,DP,810
EK,FW,744
IQ,AA,707
AX,EW,723
FE,JE,424
BR,BK,77
DN,JM,487
FH,GQ,425
JE,FU,908
T,IR,563
GL,JL,21
U,GW,919
DZ,AN,714
GF,BL,240
JH,KN,575
JM,DJ,444
GC,DJ,737
CM,C,307
EY,HB,335
FC,AU,960
T,KK,275
KD,X,834
P,JJ,612
D,BK,235
M,GW,701
IW,AK,346
HX,J,24
HA,BJ,422
GW,GO,383
DO,C,938
GF,FO,743
BF,HN,454
CI,EG,253
GK,BI,941
DQ,DF,411
KI,FC,768
ES,L,868
DN,IN,254
X,DS,249
FT,JD,33
JX,HO,452
BN,CT,728
B,AJ,995
AY,AQ,672
GV,CF,745
IA,HO,697
GL,IM,691
AB,JA,575
FQ,JZ,714
ER,C,781
AN,JA,885
HP,FS,685
DZ,II,110
X,HZ,234
AC,FQ,306
BO,JQ,710
FM,EH,535
BG,DJ,605
FM,BP,316
IN,CJ,516
BD,AI,592
EG,BD,145
FT,IR,511
HD,HC,481
AA,CR,68
DY,AC,336
CE,ID,534
JS,BB,571
FZ,IO,220
EX,II,216
EY,B,450
II,JL,845
DN,CE,105
JP,EM,461
BD,CF,549
K,CJ,158
AC,AJ,507
DH,KE,448
CV,L,921
AU,DD,385
HC,EA,738
F,BG,277
KG,BO,120
FJ,BE,831
DM,CB,914
CZ,GG,541
BF,GT,262
BU,B,557
JY,AK,172
AN,HV,295
BB,DD,512
EK,Z,652
JF,EN,195
DX,FH,58
DX,IY,353
FM,DN,154
B,EE,609
FT,EQ,760
EZ,CD,137
KA,FZ,650
BO,DQ,917
BW,KB,443
BJ,DS,474
EK,IM,310
HD,EM,907
HC,GI,359
CK,BE,512
CK,IJ,720
EG,G,355
E,KA,701
AD,HV,607
GH,DS,205
FB,JO,416
V,HS,53
GF,IH,359
HM,EG,79
BE,KK,62
EW,JN,454
CI,IT,882
AL,AC,331
EM,FL,841
IM,JW,666
IX,GV,671
HQ,CG,811
DA,O,23
CP,KL,902
IL,FM,105
HE,CH,96
ET,FW,940
IA,AL,140
JP,KC,998
S,GG,140
BZ,IU,207
ED,KI,372
FH,BT,799
KN,CQ,140
W,GI,754
FL,HH,646
DI,JZ,274
GC,IW,167
GF,DA,46
DX,AE,751
FE,U,292
DQ,AG,253
EY,JP,608
HT,CH,893
CG,GU,469
ID,DF,17
E,EA,616
DW,W,47
CA,BS,437
GE,HT,386
HN,HK,327
L,EI,595
AR,AP,830
IY,JP,900
GA,HJ,224
I,JT,263
IO,FT,980
CF,KI,772
BK,AK,165
KJ,Q,234
L,CI,387
EB,BV,730
HT,HQ,186
CH,JO,635
IG,HJ,320
DK,GD,48
BR,N,520
IC,AT,784
HY,FM,473
GG,GM,791
X,JU,584
HM,GJ,187
IJ,DD,795
L,HD,289
GJ,FE,281
KH,AG,413
BD,KM,387
BG,FC,481
JF,BD,720
FY,FF,822
FZ,HH,86
EM,JA,811
FH,P,110
HH,AK,117
EP,JI,789
AX,GK,767
GI,HU,200
DQ,EA,272
FL,BK,331
ES,EB,371
CV,CX,780
FY,BB,376
JH,AC,626
IX,JK,237
HI,L,475
IV,BF,828
FT,KF,310
GA,IT,752
IP,IG,298
EB,IG,837
R,JZ,275
HX,KF,237
FQ,CQ,890
BU,L,543
CE,IK,606
IL,GA,776
FT,KG,311
EL,D,812
IM,HD,952
IF,FH,372
FW,HU,454
IG,ER,681
CW,AU,342
K,HJ,419
HQ,HF,966
D,HU,512
AA,ET,632
JL,KG,121
CJ,P,10
FW,DW,665
IN,EH,391
BG,JC,678
KA,GP,285
FX,FQ,527
GI,AN,704
EF,DE,512
CU,AY,317
JJ,CV,201
FS,GJ,45
FD,FL,705
GB,FJ,631
JZ,AB,772
IE,CQ,263
HB,JG,136
EI,AN,206
BW,IG,43
BQ,HE,203
KM,AN,260
X,FM,569
EI,DW,722
IU,FU,845
DP,DS,924
CV,GH,587
II,FK,266
IU,IR,690
FT,KC,55
GM,EY,777
FF,HM,372
HH,BH,54
IC,JD,390
HN,FU,888
HH,BP,224
HS,N,44
JG,JY,311
KB,EP,675
GT,BS,649
KN,HO,529
ET,AQ,975
KJ,KD,621
C,IZ,130
GR,IN,239
EU,KL,968
IV,F,633
BQ,Z,727
IE,GH,44
CJ,AQ,17
AN,KE,729
IX,JO,332
AW,X,222
GK,HW,557
JB,F,981
EW,HF,363
FW,EN,158
FG,HH,480
HZ,JU,628
ID,Y,599
GZ,DL,738
HO,DP,900
BH,BZ,844
CD,ED,543
CG,CQ,786
HF,C,97
IP,U,845
HA,GR,196
JB,CG,411
CQ,KJ,761
JR,HT,372
AG,T,990
KL,JP,912
IS,GI,803
M,HZ,965
EM,HE,932
FK,KL,222
BN,V,296
CW,GS,717
JK,JT,460
P,BI,211
DP,GB,876
JJ,O,259
DF,II,525
HY,CI,11
BJ,GY,108
IU,JJ,734
AP,N,851
EM,ER,546
EK,BV,949
DX,FL,233
JF,AZ,204
CX,AY,51
DP,GN,549
BP,JV,840
IW,F,757
K,HV,491
FN,HX,751
BF,DJ,326
EO,EK,274
GK,IN,708
CJ,JV,446
HN,CC,46
HE,KH,616
GG,BL,315
GV,CV,149
BX,IQ,509
BC,GY,398
DR,BW,352
BG,GB,83
JL,KA,900
C,KH,560
BI,DZ,470
JR,CT,642
HQ,EX,467
CG,BI,747
JT,DA,534
HD,Y,616
JK,B,939
IW,DO,921
FX,M,666
AF,K,655
ET,EH,91
CG,JP,592
HQ,HE,140
DY,HG,701
S,GW,14
HK,GD,61
M,BW,900
FX,FC,902
AE,JJ,156
DT,IA,281
HU,GC,513
EU,HL,858
GT,FM,643
HC,JG,630
FP,IN,390
S,HQ,162
GZ,C,462
BB,JH,767
FO,BQ,719
AV,ER,847
AO,AS,414
A,EV,255
IQ,L,381
AY,GL,490
U,CY,82
CD,AH,185
GQ,JE,372
D,JB,478
BD,FL,775
CI,GA,763
AF,U,629
ES,AU,198
JI,HD,746
JE,FA,335
EY,JL,900
CR,KN,26
IE,GK,914
DP,CO,959
HC,AP,297
KN,KM,588
FR,JF,283
CG,FR,103
T,HY,838
S,FL,210
GY,EN,658
BJ,KA,104
FR,IL,323
HK,DM,186
HJ,EA,117
EU,EQ,666
DF,JS,41
X,GI,666
GU,I,954
DC,JQ,153
CR,IJ,576
DY,JK,638
BK,ER,651
JF,DT,876
AZ,AX,264
EH,DE,977
EM,CN,50
DG,ER,521
HE,FI,739
IF,GG,218
HD,HU,597
FR,FF,838
CC,FX,160
JE,AZ,390
CE,JN,269
EG,HS,343
FY,DY,461
DE,BE,149
EB,JU,177
DN,KA,657
JX,C,380
HT,HE,635
HX,BB,77
KK,KD,764
BE,IJ,721
IN,Y,205
IK,IE,526
HK,IL,210
FB,BB,95
EG,GJ,405
E,AT,350
JH,CC,913
IY,JN,475
AG,CB,259
AC,JS,237
GQ,FJ,353
IV,DQ,771
JN,II,294
JW,Z,645
KJ,GO,369
BS,BE,246
EB,CS,379
L,HP,672
GN,EJ,451
EI,FC,960
BI,JB,739
KK,AN,776
AQ,CG,187
BT,IY,548
CK,DD,458
KE,GR,883
GY,GE,423
BA,FI,302
KI,EY,201
IL,JP,366
AE,EF,448
CJ,HR,963
GT,EW,976
FF,II,701
EE,JD,23
JZ,X,150
IU,KD,253
EO,GV,955
JQ,IF,162
GI,HB,547
IG,K,109
JG,DF,227
AK,ES,102
JV,CB,217
AO,DY,919
FJ,GP,669
KK,CZ,532
JK,EF,329
N,DY,347
BL,KF,218
JA,G,617
GN,AP,581
GB,N,361
HU,IA,266
ES,CQ,262
KC,FG,277
Y,BH,533
BA,DK,901
FX,V,463
D,DC,94
KC,HM,314
KH,BX,756
IQ,BJ,859
GD,GU,64
DO,HW,869
HZ,HH,512
ID,HU,505
HK,EN,598
HY,HI,744
DC,IC,332
EI,AH,765
IS,I,383
CP,AU,402
FX,DQ,46
ER,DC,999
IL,EX,893
ET,N,226
BT,DF,89
IS,KD,555
FP,KK,814
JZ,BR,936
BV,FO,356
IQ,IZ,420
ES,DY,519
ID,GF,225
BZ,CT,429
JN,CT,190
EF,CY,112
HT,BQ,936
BZ,GS,940
DS,GT,83
CJ,GX,853
E,DJ,763
KA,HI,973
BP,CW,85
AM,GF,789
DL,EP,452
EP,DB,754
EO,AS,276
II,AF,645
FU,CQ,323
IC,CM,972
CB,AZ,590
HQ,AA,147
GT,FQ,490
BC,GT,152
C,BG,662
BZ,AZ,78
KF,HD,79
BE,IB,978
JX,GP,817
BK,JE,11
AA,DA,355
DG,BZ,915
AE,HM,674
GQ,HW,777
AZ,CJ,700
JU,DM,361
HR,GX,786
BX,FY,554
DO,HD,421
EO,CD,353
AN,CB,671
HX,KA,351
IR,JZ,626
CO,GR,352
G,AH,789
GL,EW,313
JL,JE,121
AR,AM,490
IZ,HU,660
IM,ES,466
CP,HW,354
KI,GE,701
HV,H,532
HC,BY,280
BX,AW,166
FW,P,956
IX,JS,287
BI,FD,143
CM,AJ,135
AT,IP,751
BX,GB,962
AN,IE,253
FV,IA,108
JM,AO,811
JK,AD,636
EC,FZ,712
IL,IK,119
CQ,EC,682
P,EK,42
JM,CL,806
EJ,N,70
CN,DD,873
CR,IG,735
GF,FF,224
T,CA,784
DY,AA,192
FW,H,363
HZ,Z,602
DK,IV,663
GH,CX,816
AH,AN,945
GO,FK,195
EG,U,950
EK,GT,15
EM,GW,82
BG,DM,875
O,IB,570
IM,JG,360
EW,AE,341
IE,EC,618
JS,IS,451
EI,AD,280
P,HL,720
FX,IS,678
CQ,GF,927
CY,IH,179
B,JT,219
EN,GE,916
A,BI,302
GL,KG,609
BH,JZ,477
EW,EM,517
JB,O,845
JK,JM,633
GR,GU,578
IP,GZ,623
BQ,AO,822
KL,AD,530
IJ,IL,220
BN,KB,250
GO,IS,688
GQ,K,842
EK,D,584
CF,KH,70
AE,JM,902
O,DM,529
IB,DG,601
A,IZ,460
KK,BU,913
EE,JV,270
HQ,BZ,565
CA,CS,275
CC,EH,906
FF,GG,673
DI,DD,165
JA,DN,361
GF,JU,874
HC,BZ,585
AB,KF,188
AT,BE,506
DU,BI,158
BT,CG,877
EW,JU,567
CU,DQ,436
GX,IL,418
DQ,A,89
DU,BJ,230
AF,IX,147
KH,FE,556
AW,IF,626
U,JW,568
IK,HP,934
GH,I,458
AH,GX,52
AH,FO,571
AX,GP,702
CJ,BP,597
IN,GN,884
IC,BF,473
FV,CD,774
FW,S,512
GC,GH,768
GQ,EO,710
B,DZ,682
H,CG,112
GW,IG,602
FE,CK,76
KA,HF,990
BQ,GH,275
JJ,CP,956
EN,K,308
BY,GX,357
F,IX,523
BI,FH,526
DR,K,332
HL,BF,913
EK,FV,763
EA,AD,431
FC,CH,728
AM,CO,362
CE,GW,471
F,IT,475
JB,DE,402
EJ,O,23
JL,JU,313
DH,HA,697
DM,GT,423
A,BX,359
CX,KG,930
BG,JB,610
H,FK,268
GH,EQ,859
IM,AH,375
GT,FC,588
AK,DE,188
JE,JX,358
BB,U,708
DH,FE,93
BM,GE,944
BI,FZ,200
BZ,GC,710
HS,GA,127
CS,GB,646
IT,HS,848
AE,KG,254
AV,FJ,500
N,FL,561
N,CF,481
KB,BX,71
FU,GY,397
CF,EI,489
IW,KA,45
JP,GO,131
BO,FK,278
HN,BV,482
GQ,JY,769
JJ,EK,881
GY,FW,842
FB,HL,992
JQ,EL,457
HH,FQ,479
EG,IP,349
GB,CR,305
KM,FC,297
IK,II,96
DF,CF,381
EI,U,154
W,DF,301
A,AX,799
DY,GV,927
AQ,CZ,492
BF,HA,858
IV,GT,541
BK,JC,523
HD,DJ,382
JA,DE,587
GO,CG,977
EH,HU,253
CN,FQ,507
BZ,BN,461
JF,HS,621
EN,GL,893
BH,EI,674
E,IJ,971
IS,KF,428
FR,IC,352
CQ,IX,685
KA,GI,129
IF,ER,133
A,O,194
HE,DO,337
ET,KC,810
CR,BS,520
BR,CU,302
GT,HN,135
Q,IT,194
GB,JE,524
FA,DQ,820
DG,GI,616
IF,EL,866
JP,AE,75
FW,GC,428
CO,JW,217
FX,DX,711
FQ,CV,948
JB,Q,879
CV,AK,497
IR,GT,499
J,JQ,203
KB,HZ,717
ET,BI,366
HN,JS,783
KA,IR,411
JH,DY,171
AV,AF,337
C,BA,72
KJ,JK,605
GC,DQ,194
JT,ES,940
IA,O,762
BO,IR,401
DW,IS,108
KJ,CB,558
KA,CF,39
EP,CO,70
EX,JP,25
CN,CV,757
JL,IG,806
KB,AF,445
AW,M,812
DR,I,843
AQ,CO,532
KL,EZ,330
V,CH,926
BK,EW,827
R,FD,483
AU,HB,64
CX,IQ,174
E,ED,773
EE,HA,882
FI,EM,578
JE,ED,357
BI,JH,813
FO,V,334
AJ,EL,972
IH,N,114
CZ,HB,761
IB,EG,916
FF,BU,906
BX,KJ,353
HM,Y,737
HK,GH,912
BI,AG,594
KF,AF,274
GR,AP,504
O,AI,672
AV,BL,327
JC,AC,714
EF,AW,736
GA,EG,658
KJ,AY,317
DX,BS,61
GZ,FC,262
EG,FF,682
H,AJ,498
BK,EJ,48
GP,JT,727
GE,CO,330
GT,AQ,907
IV,CO,210
BW,CD,10
EX,EL,755
GF,FC,235
Z,IO,10
JT,F,584
AS,DG,52
BZ,AO,887
JZ,AI,961
F,ED,108
I,V,896
DG,GT,574
IZ,FB,277
BK,DM,942
JI,IE,540
IB,CO,919
BO,KK,159
KB,KN,780
DW,GV,63
AQ,BQ,545
AP,FA,109
DF,JZ,497
P,JM,711
GS,CN,432
EH,BV,427
FQ,FD,167
IA,BG,253
JR,IW,741
GL,EE,72
AQ,JW,624
GW,H,597
BY,AU,370
CJ,CP,863
DE,FI,387
IF,BS,657
FP,EU,631
JP,HJ,758
DP,HW,63
BU,CA,601
IV,FN,306
CV,HV,634
IZ,CI,59
KD,AG,772
GO,FN,505
AG,BE,25
HS,GO,432
FD,IN,926
BI,BU,225
KC,Z,19
Q,FM,109
BR,JV,604
EC,EL,606
HJ,EQ,16
JI,GW,159
FN,FZ,76
BQ,HK,979
CW,BN,852
KL,DA,810
HD,FH,580
DQ,EJ,215
EL,IC,373
AA,KB,12
BA,FV,520
BO,FQ,909
CE,BF,716
IX,IJ,718
EV,GA,278
H,EU,862
KA,JP,525
HJ,HD,894
Y,BU,543
GP,FT,619
AH,JJ,392
IV,AK,398
GM,JZ,255
HC,EF,614
GJ,GA,774
HB,AX,526
Z,HA,280
CM,HT,584
CM,HV,765
AI,AY,396
BK,JT,244
IP,HT,725
GW,D,797
FH,KF,630
FC,EY,228
JF,O,296
ER,FS,836
FO,HB,674
JF,JO,773
CN,FZ,835
GV,BU,705
FN,BT,916
DG,JD,832
CB,BZ,82
F,IA,953
DV,H,808
Q,HX,963
CB,GS,687
EO,D,133
GH,BJ,353
HV,EE,618
CS,KF,283
DU,W,987
BF,DX,994
P,JZ,39
HG,IK,936
Y,GP,986
BF,KB,359
AG,FA,155
GS,BS,10
DE,FB,164
IS,CK,724
FY,BR,575
BZ,EA,377
ET,JJ,277
IG,HC,232
CW,BK,490
CC,CF,313
HU,FZ,848
FM,BV,661
F,EQ,52
HA,HY,183
JJ,HC,681
AO,DD,607
EI,AF,463
BE,DK,909
K,JQ,997
GB,GA,753
AU,IW,266
IL,AS,326
BM,DU,964
W,JE,569
CD,B,710
GK,KB,189
N,AK,479
JN,GJ,131
GX,JI,631
IM,HU,243
IA,Y,101
GA,IP,29
DX,X,322
O,CF,154
CN,FJ,521
FY,JK,683
J,IF,802
DM,FZ,202
G,JJ,159
GG,AT,729
GI,JO,949
HF,GR,118
AT,GK,723
HN,JD,110
GG,HP,764
AM,DA,455
IG,BB,465
AR,FM,799
G,JF,997
HV,O,942
HG,A,784
BY,BG,487
GJ,EE,440
IZ,HH,739
IE,CD,27
KH,IB,687
HI,CY,528
GZ,IT,381
BA,CE,868
FB,CP,730
GO,DY,270
KB,CL,263
HW,KJ,309
DB,KG,663
CA,EV,116
GP,AL,38
JW,KC,705
EP,CF,53
JF,FK,302
BX,JV,281
KK,Z,362
HZ,GN,968
EN,IS,972
IP,GE,153
GA,AK,953
AH,CR,854
GQ,FF,686
HE,BC,53
HU,JL,101
DE,JC,173
CC,AK,441
BW,Z,134
S,HV,222
AV,DH,805
AX,DQ,438
AB,GF,991
BX,B,749
J,KH,723
JD,HP,204
G,AD,725
AJ,EJ,110
KJ,EQ,863
AA,IV,783
GL,GV,630
DN,BK,473
AD,J,759
DF,FA,243
AL,JG,284
GQ,EE,909
Q,JO,642
DX,EO,191
AX,BR,309
BN,GQ,554
BE,GX,130
GQ,BM,36
GJ,EQ,209
ER,AF,401
DY,HU,342
AF,CM,694
CN,J,563
AE,IH,123
AR,L,977
BY,DS,966
GA,FY,980
EZ,DR,371
FQ,CI,237
IQ,IG,487
JH,KA,313
FP,CQ,965
FK,FX,835
JN,GQ,542
M,JT,417
FU,BB,775
F,AP,803
FD,IS,748
GI,P,209
ET,IE,88
DG,EQ,210
DS,AR,505
H,M,453
KM,AW,900
CB,BD,97
HR,CS,507
L,IU,15
EN,KE,207
BC,IB,35
CC,DS,547
HA,DD,241
AD,W,782
EV,ED,189
HY,FD,663
AG,ET,262
BU,AQ,869
JO,EI,262
DL,HW,16
DY,CW,476
GN,FD,184
HO,P,291
DG,W,173
BP,GY,916
CU,AD,569
JG,HS,317
GI,EH,482
AL,P,460
DK,KJ,538
HM,EC,329
GK,R,57
GZ,BQ,733
EN,AQ,812
KM,IO,116
FC,FH,179
FV,KG,858
AD,FK,969
HI,JH,671
BB,HD,279
KL,KN,308
JE,DG,179
CB,IH,499
KM,CN,912
HI,FZ,932
DM,BE,994
AC,BX,818
EQ,IT,460
B,FE,386
I,GJ,400
FC,CM,907
DE,CR,12
GL,BZ,791
CO,DB,450
BH,ET,215
DJ,DV,765
HX,CV,403
HN,CY,626
CO,JV,173
JO,GD,952
BV,HJ,87
HS,IN,297
GV,DD,760
GV,JX,501
AA,CU,732
BO,BM,756
L,EG,910
GE,JA,712
IK,AD,356
IN,EN,398
CY,DA,566
JC,KE,943
D,HH,694
BU,KI,881
BD,HZ,274
FT,FW,912
JF,IB,524
DH,BQ,372
CR,GJ,86
BN,AU,709
AK,HC,125
FP,Y,247
CP,S,193
Y,AT,647
DF,CP,793
J,FN,808
JO,HI,148
BI,IY,63
HJ,GH,505
DW,II,807
AK,BA,428
HH,P,339
BT,IT,267
GX,JB,511
BT,AW,582
DZ,FH,939
AJ,DH,161
CU,HS,283
W,EG,726
GO,IU,703
KJ,HO,744
FA,CK,991
IF,IO,260
D,KB,571
FN,FT,942
EN,JI,805
CT,GH,532
DV,AV,246
HE,AK,905
HW,BL,249
JD,JZ,137
EA,FP,659
AR,EL,157
FW,A,228
GC,FO,721
L,KD,533
FY,R,230
AX,DC,595
BE,HR,571
CP,Y,354
FU,AX,661
BJ,JV,775
H,IR,240
JJ,IB,430
AZ,FS,336
BT,DX,37
DU,HS,256
IZ,GF,585
EQ,GL,158
DI,HY,734
GB,DG,534
F,BF,607
CA,FL,307
CW,V,625
AW,FO,745
CC,HK,934
ER,FF,669
KD,IG,223
M,CZ,816
KM,AV,257
BD,FS,737
FY,JY,10
DR,GU,282
AJ,BB,527
GO,AC,925
JC,AT,724
JB,X,91
JW,FL,716
EM,IB,805
GZ,IR,585
DD,HI,483
BU,DP,854
FV,CW,450
DY,BO,611
AB,EB,811
IW,DN,154
IB,DB,785
AP,JP,658
BN,II,957
BO,FG,753
CC,BR,865
DH,BK,465
KH,HB,233
GO,DZ,350
HX,DN,110
CM,BO,411
DB,AU,791
FW,K,227
IX,GT,886
CG,FG,319
AE,EK,899
X,GJ,891
BL,L,141
KM,CR,977
EM,CF,973
DS,AX,787
FX,GI,62
D,EW,841
KL,X,697
GO,HD,295
BQ,GJ,106
M,FT,359
BM,AO,78
II,Q,450
FS,BW,293
IT,DA,429
EZ,FT,642
AN,IA,648
HL,JK,179
AG,CF,676
IJ,DX,702
FZ,IX,582
BM,CT,713
J,IH,33
CI,KI,906
GC,BR,282
FB,EW,896
AX,CA,541
EG,CG,949
DV,AS,204
FA,JL,909
CP,GX,409
HR,HG,694
JH,AJ,549
EA,HY,25
IS,AC,986
IC,GZ,964
JR,AO,290
FQ,KD,127
KE,AE,799
R,T,311
FK,IU,918
JJ,JY,210
IG,EV,916
HO,ED,720
GD,B,96
JO,AC,358
AG,GL,994
CN,EL,242
EM,JS,447
J,FR,366
GC,HT,175
IJ,HT,753
EA,HS,854
DO,DJ,779
CU,HF,50
CS,CR,50
AU,GG,328
DV,DZ,373
EJ,FO,601
BS,V,790
FU,FE,240
DS,DO,652
EQ,FG,566
EE,AB,463
EM,N,271
HT,JZ,368
Z,JT,477
BW,GM,545
IQ,GR,532
GB,EG,725
AU,DN,225
X,JH,879
FH,CA,323
JH,BU,516
GY,IB,76
EO,BA,194
BI,EI,127
FU,CN,274
DR,EX,46
BI,BT,764
BX,BP,693
AW,E,346
IA,IO,89
JM,AV,345
BH,GV,947
FF,HT,923
CP,GW,375
IM,HI,481
FD,BT,762
GB,IU,229
BE,IM,263
HH,GK,389
CU,HY,865
JF,Z,655
BD,JP,732
FN,HI,397
CV,IM,253
JG,Q,500
KF,KL,988
DV,IQ,259
F,Z,857
EO,EB,467
IG,DJ,200
BO,KD,278
ER,G,695
BL,KE,573
AB,HC,253
DZ,EA,379
IW,JT,626
DV,IK,401
W,JY,33
CU,CV,31
CC,AM,770
CJ,F,601
DU,DT,100
JV,BU,702
GZ,ED,637
IN,CL,732
FM,KL,290
AM,BB,823
BL,JO,238
IJ,FO,329
GR,DO,612
BZ,II,276
DM,BF,299
KG,HZ,461
JX,DY,903
CN,EH,179
EA,GF,144
GR,GO,95
KH,DS,22
HE,JE,890
CE,AQ,238
GN,IL,181
FL,IF,637
HI,AW,278
IR,AU,796
DA,FR,38
HT,T,47
EX,IG,165
AF,IS,77
HV,DT,959
K,KN,974
JX,EO,358
DR,JC,786
HO,EK,816
CP,CY,230
GX,EP,798
HF,DT,16
AA,I,100
GM,II,375
W,DQ,85
HW,JA,53
AZ,L,407
HG,HZ,337
HC,DW,480
HF,FH,984
GZ,CJ,111
EH,BR,790
GU,BC,140
B,KB,359
DA,CQ,667
KI,AY,812
HZ,DY,997
AS,J,750
JT,L,909
BP,AD,251
HM,FU,419
JB,BS,91
HU,HT,43
GV,Y,162
CV,AQ,163
JZ,EO,900
M,IC,567
FP,EE,688
BZ,HY,803
EK,AS,589
FQ,KJ,36
DN,BS,539
ET,DE,22
FH,AO,195
JD,JJ,415
EY,IM,634
IK,AG,962
ED,BC,960
L,AO,677
AH,IZ,211
FY,JZ,896
EV,DT,630
FW,BV,732
Z,IH,96
IZ,AT,414
BI,IU,571
N,JT,425
F,CL,559
EH,JX,184
GB,AV,114
GY,JG,140
U,FN,771
GU,CA,541
AG,HK,94
B,BL,696
CU,JG,946
HP,AA,643
FK,JX,474
EC,IZ,121
AN,J,617
IO,FM,963
DI,BA,711
GS,JG,614
AX,JJ,384
CS,EC,369
IO,JQ,168
CF,HJ,532
DC,HF,236
GD,AB,283
EF,JH,386
K,BJ,969
CB,G,813
ED,HT,645
GV,JO,535
AD,E,119
DO,KI,448
JH,IK,716
II,CI,873
BN,GP,334
IF,ET,268
DL,BM,329
HB,DQ,125
HB,Z,345
FX,DM,193
EM,ES,954
CX,IY,921
CL,DJ,127
G,JQ,988
AB,ID,804
M,GO,115
R,W,810
BX,AJ,586
IH,FD,140
JG,IN,198
AP,JV,535
GL,AU,198
DD,CC,395
EX,IF,79
U,HP,508
DF,BN,510
JT,CO,87
BJ,D,748
FG,AK,195
FC,CY,788
EU,FZ,657
FB,AH,352
C,DD,481
HX,JG,242
GD,CW,292
DQ,Y,511
EY,HR,823
FN,AA,610
E,GD,866
IZ,I,378
FI,BT,189
JS,GM,173
BC,BW,455
N,GG,642
AF,HB,564
JC,CF,982
DK,HY,793
GD,AC,231
BH,JN,522
IA,GZ,401
HF,BE,356
HQ,Y,428
DB,AH,88
EB,EY,394
CH,AC,979
IJ,Z,438
IG,GY,36
CS,A,434
HY,AX,297
HN,DW,551
GP,EQ,317
DB,IG,209
BO,FV,735
BH,BX,821
FX,CQ,619
IQ,JX,528
BU,HT,591
EB,JW,344
KI,DA,559
BX,KI,897
AS,AU,857
J,DQ,770
DP,DZ,879
BN,GS,174
BE,KA,914
HG,HI,459
FQ,EN,391
AJ,W,870
BA,FG,314
BT,FO,371
AD,DE,271
GI,IL,223
AX,JY,13
KJ,IM,849
DW,EQ,137
DD,GN,792
AN,GM,56
AU,DH,710
DU,HA,768
IB,DI,489
IC,GH,882
BM,G,513
GV,BF,947
ED,DW,106
DU,ET,256
EV,AB,26
AQ,IO,352
IR,CR,126
AQ,GP,129
DG,C,589
IE,A,469
AL,DC,442
HN,AK,250
JK,CP,715
AC,BZ,529
EG,HP,282
GY,K,422
GP,EJ,995
GF,HS,714
CQ,ER,988
JI,IH,722
BA,AE,695
IO,BY,42
CP,GJ,703
HD,DR,968
DW,FI,336
DH,ES,500
FZ,HY,115
CJ,DQ,971
IN,DZ,424
BC,IA,613
IR,DU,656
BE,AO,235
FH,BK,505
Z,FI,233
CL,AL,528
AR,DE,509
KJ,JI,905
S,Y,509
JF,KG,271
JJ,GM,42
EQ,CV,955
IH,IL,360
FV,AM,770
HQ,EF,368
KC,JD,479
BW,GT,503
CH,HB,410
A,BE,977
E,AZ,785
KB,GQ,97
JM,FM,926
HU,G,36
FM,DQ,456
IV,KG,295
JY,IZ,382
BM,AA,457
GJ,CV,281
EI,FD,576
KJ,C,910
HY,CW,377
CM,G,539
N,BP,657
S,EY,99
CA,U,151
EG,AB,868
FT,JP,568
HZ,AD,692
EA,FX,753
AZ,CM,703
EL,KG,679
HJ,H,734
IN,IK,969
AR,EB,948
FE,HE,962
CR,Q,791
EO,DC,653
ES,DB,241
CM,AQ,211
IW,HO,800
L,GR,253
JQ,EZ,158
DB,L,76
A,FO,216
DD,AL,514
KB,ED,78
E,BR,366
JA,KM,848
GC,ES,777
JN,BN,341
KD,V,936
JO,DW,946
FI,JY,100
AP,CH,764
BZ,E,884
R,F,715
BA,IJ,630
BN,IS,918
EA,DD,472
BA,Z,842
CC,CX,852
C,JI,270
AH,GL,30
T,FX,935
GQ,IB,158
DU,IE,279
EG,EF,708
FQ,W,31
BX,IF,487
HW,CQ,618
II,GY,248
CT,N,929
CY,J,45
W,IB,624
BF,DI,183
E,JM,186
HC,DP,834
BC,IZ,628
DW,L,502
L,ET,782
IW,EQ,25
JX,FE,887
FI,JH,914
IQ,HS,943
EF,EW,923
IH,KL,719
H,AM,965
EF,AL,494
DT,KE,604
BO,HG,728
O,FR,74
IA,HC,385
E,HB,297
HX,AV,139
EP,FB,417
GZ,EU,793
BN,EU,10
DH,HB,624
BW,IN,394
HA,DL,64
ES,GL,144
CB,GY,794
I,CL,572
KA,AQ,458
DJ,DQ,765
BV,GY,956
BN,BA,579
KB,BY,294
AF,GO,778
FF,IM,455
DL,AV,914
KA,DR,33
CB,DY,178
BO,IC,457
IF,BZ,770
HC,GT,687
BH,DV,988
DF,GS,182
HX,DR,261
BI,EJ,275
BJ,BG,770
GV,IK,543
BB,AY,392
EU,AF,122
JT,BV,807
BY,DF,564
BS,EP,33
BX,HX,200
IE,BH,623
GF,FG,521
HO,AW,574
FK,CH,796
HM,JX,423
BP,CC,831
HU,JB,324
DW,GT,230
KM,CH,329
GA,DN,711
CK,IN,156
HU,DO,893
FG,BW,204
DS,CZ,24
W,FN,484
G,FX,609
AC,HK,923
HP,S,940
CS,FG,541
IT,EU,624
U,G,836
HJ,DY,694
GQ,GS,579
CN,ET,564
AH,EV,727
L,BB,421
FH,EZ,189
JF,HP,302
JT,FK,690
FX,IZ,274
EI,EL,753
HU,HP,461
GY,BF,125
HL,AJ,955
IA,DH,502
FM,JA,155
B,GT,310
EE,BQ,748
HC,JC,958
II,AE,426
IO,FR,158
BL,CB,112
FE,W,122
DQ,HM,734
DL,BO,488
KB,GP,316
CH,FY,843
CA,M,704
JR,CA,278
FB,CK,363
IS,HT,397
BX,P,870
CC,GX,387
KE,AJ,648
R,IF,152
JL,IV,521
FG,I,634
U,DE,647
HY,KN,886
AI,IK,363
AV,GZ,471
DY,IK,829
EU,EL,543
HD,JR,237
IZ,K,186
JC,P,90
AQ,HB,336
JL,K,156
EM,GI,150
DN,EH,176
HZ,EN,944
CS,CL,597
HQ,FN,834
IQ,AS,930
ED,IN,668
HL,DV,181
DB,IH,290
BM,GN,94
KB,DO,324
ER,DO,406
EB,GD,513
JL,BW,440
FY,AG,217
CA,Z,755
CW,HB,750
IX,BQ,761
KM,JR,680
EG,ED,537
G,JT,22
IH,JX,224
GX,BZ,334
GT,BK,633
AR,BM,524
ID,FM,29
IF,DY,772
BG,JN,955
FQ,BB,716
GQ,GZ,942
DN,Q,553
J,KC,404
CU,JF,876
HE,KN,935
IJ,JB,658
DC,DI,542
BT,JV,217
ES,HQ,164
DL,JZ,948
GX,FS,928
ER,U,295
HD,JO,679
Q,BW,975
KE,IY,310
GM,IN,93
R,HS,986
JS,FZ,923
KL,JU,320
BR,AQ,616
JN,GT,639
FD,BY,43
GQ,IT,939
BM,IT,145
JB,IU,593
CJ,JT,477
IG,CO,547
DJ,CU,414
AU,KJ,916
BX,HO,149
FA,AI,475
T,IT,307
CB,IT,931
IU,CU,177
Z,EN,888
FM,KD,806
AQ,DH,715
GB,IF,462
KN,HN,509
DA,ES,646
AL,HT,250
HT,JJ,851
IS,AY,255
CD,AB,557
DV,GY,320
CW,BX,647
IS,JP,972
IS,HU,175
JX,IV,604
ES,C,717
CO,FY,103
DM,HN,468
JP,HU,680
KJ,IE,991
KM,DG,553
IW,GM,559
CL,HE,760
HQ,GE,169
HW,HL,445
G,JW,248
HV,EW,457
IV,BR,24
ID,DH,281
AL,AK,911
DQ,AD,140
CP,EG,641
EF,IX,732
DG,AT,131
GZ,AD,369
BX,IW,664
KM,HL,222
BZ,AG,121
CH,BQ,38
BC,GM,175
CN,BI,416
FX,JR,515
AL,FY,109
BB,CP,965
DP,IA,486
FP,EX,973
HK,EC,963
DE,IL,522
Q,FU,435
GV,W,54
GY,FZ,876
CR,G,24
AN,JX,166
IN,BV,832
KL,CD,336
FR,CE,138
JJ,DI,569
GL,CL,399
FT,EB,752
EQ,EF,486
HV,IP,723
E,FF,795
AU,FS,713
FE,HN,632
DM,JJ,218
DN,AJ,641
FD,GV,419
CW,AG,862
KG,E,295
BO,GB,934
AO,HW,691
T,DI,930
BZ,EW,454
HQ,IT,142
O,KH,563
ER,EQ,630
AK,AP,491
GT,AZ,494
DO,JZ,196
GF,ET,543
U,DX,205
BI,GT,928
FS,CI,786
EJ,BB,500
JD,ER,661
EI,EB,576
KJ,JG,50
EF,JN,106
G,JD,518
JT,AS,868
BK,IT,554
HN,JP,468
DL,L,148
BP,HL,301
HL,IE,45
AQ,FB,11
JB,CS,413
BV,HA,816
II,GV,562
IM,BB,571
AQ,HY,194
II,HO,459
HZ,W,819
CA,HW,242
IX,FD,581
E,JB,271
JW,JQ,661
IC,EC,671
JM,S,196
IN,CY,848
GK,AR,192
EN,FO,751
KI,AH,820
ER,JU,662
CS,ES,232
AQ,DO,353
IM,FE,329
DM,JN,503
BY,GW,578
EP,IO,852
BJ,DC,643
DP,IW,153
JU,FG,907
GW,EQ,828
BY,AL,573
DI,HW,919
GZ,EL,486
HC,M,827
AL,BP,776
AF,S,418
GW,BD,310
CL,AU,29
GN,BI,547
EI,HI,918
AA,CM,843
DU,HO,292
FG,IK,847
AX,KH,599
FD,KM,257
FF,GV,141
JI,JS,895
CD,AM,826
IC,FD,703
JH,FT,916
FW,JW,481
JK,AK,824
CP,ID,135
EF,HW,962
CW,JM,861
DL,DH,59
BY,FM,66
JJ,EB,954
AE,H,563
HL,R,844
DU,EK,786
GJ,ED,616
G,DO,178
DP,EJ,94
EA,AL,443
JZ,BC,912
KF,HS,958
IJ,DB,935
AU,FB,211
DT,IH,596
DH,DZ,700
JU,JS,411
JI,GL,786
IV,JM,151
Y,H,78
FH,AE,270
FN,ES,501
JF,FQ,177
GU,A,477
BC,HB,752
M,CI,110
HC,T,877
CS,IO,979
IO,ED,386
CI,KD,427
KG,DD,571
AA,EK,446
AD,KH,670
JF,IQ,981
JJ,IK,331
CM,DH,450
IE,BM,394
EA,CD,503
BI,FO,133
IN,FB,540
GT,FV,380
DS,DY,490
IQ,HG,13
DG,GA,860
FC,C,829
FM,CD,637
N,IW,547
CJ,DV,413
IO,AX,178
BQ,JR,80
P,HC,959
HH,CC,380
AA,HG,142
FR,AL,683
HF,IC,80
G,EY,978
JS,GY,439
DU,IL,40
DH,AW,582
AJ,IB,161
BM,CE,474
IO,BW,795
AN,CK,36
IL,AH,44
IY,FO,513
BD,JM,340
EN,FT,274
DW,JI,883
DE,BS,407
HA,DM,985
EO,BW,651
DM,JB,582
DO,EQ,742
AS,HD,729
FU,BJ,474
GL,EZ,77
HS,JQ,919
GK,KC,339
CE,EP,852
EC,DI,953
FZ,DG,705
IK,ED,415
DW,JM,400
DC,AU,219
CY,BQ,961
GZ,KH,115
IJ,FD,409
CZ,JT,213
DF,AN,945
S,HO,948
AG,GR,941
BE,KM,243
EI,CZ,131
W,KG,552
BS,HX,703
CO,JA,647
AY,HG,559
BJ,JE,390
FR,KA,569
B,JH,351
G,FM,21
KK,DI,706
KC,CX,333
CH,EF,178
CO,AB,181
L,KK,981
JR,AT,808
DY,BW,295
I,AF,890
HK,AH,394
FP,DB,386
JZ,FO,515
BX,CH,526
HZ,HL,804
BG,CO,432
FA,X,188
FJ,FT,132
AB,HZ,966
GR,BW,916
BP,DY,785
BK,IS,646
KM,EG,21
GU,U,540
ES,GE,137
HF,D,869
GV,CR,917
AL,S,608
U,AO,279
JL,GD,999
FK,FH,90
AK,AO,822
HR,DI,240
BP,CG,741
DU,GB,10
FC,GV,371
HF,HN,496
DV,JS,869
DM,JA,415
X,GD,917
IU,AY,291
EV,JB,237
BT,CL,406
DN,HF,57
BS,CM,505
CT,AW,614
BD,IQ,193
BN,IZ,247
DP,AU,289
AJ,GN,729
EK,HJ,908
EX,BC,957
W,JC,238
IW,FP,359
F,JO,925
HL,AH,612
FK,JC,476
Q,DK,521
DJ,BY,973
C,KE,23
HP,IF,847
FI,GJ,232
BT,AF,44
IC,KB,812
JK,L,434
JT,DW,950
BL,HB,759
F,FP,976
HM,DZ,263
CS,GH,940
EV,AA,136
W,FJ,601
FE,O,72
CP,CA,382
DW,DX,248
FE,DT,90
JT,CH,948
AL,GN,107
BE,FS,189
GS,CA,685
KN,IF,174
DB,GB,209
GT,BT,135
HN,CZ,671
BL,BJ,275
FF,AU,396
DJ,FB,674
IG,CZ,463
FN,GP,801
JK,GK,210
JA,IX,831
AE,DA,385
M,HS,514
DC,EC,83
JH,CZ,446
GH,BK,936
GV,IN,451
N,KE,492
DO,BM,426
EY,GK,628
KA,D,50
DU,JE,692
IG,EF,808
IK,BJ,21
GK,EK,485
CS,EM,799
EC,FU,538
BK,A,563
HK,EP,530
DB,JA,354
CP,JY,151
IE,KL,364
Z,H,546
O,GR,885
CJ,GI,570
BE,W,961
JH,AP,306
IJ,FS,400
BR,FN,123
KF,CY,132
P,IM,864
DC,GC,660
JK,BE,36
B,CV,189
FZ,GN,536
P,HD,682
K,X,235
IL,HR,505
KF,AC,842
CS,DP,435
EA,BM,427
EZ,KB,429
DN,BO,466
DT,DD,284
JD,Y,105
BC,BU,225
HC,KF,900
CT,BO,226
JC,DB,707
DG,AG,945
KJ,HN,530
FY,GC,344
AS,CX,697
AK,IB,324
JL,IZ,302
AR,AW,827
IY,DK,718
AY,IM,20
GX,FJ,788
HV,N,870
CH,GC,286
HL,CC,274
FS,FH,142
GM,DI,383
KM,BB,578
BD,V,626
AE,DW,711
CF,AX,393
BX,II,484
CR,IY,219
BQ,GE,474
CL,HF,666
AK,DI,679
IG,CM,848
CQ,IZ,849
KL,HF,247
GL,AP,973
CU,JA,263
IR,FR,900
HG,DH,322
DI,CL,873
HT,CC,373
JF,CS,14
FL,B,606
IQ,FO,904
GR,R,640
ET,BN,634
AQ,FA,828
L,II,706
R,BK,642
FU,IE,487
JB,AE,197
W,ER,791
BT,S,51
KL,EY,151
FX,GH,183
AR,EF,807
JK,CW,555
JF,KF,194
JO,IY,468
BF,DP,394
IM,IG,147
HR,KC,878
J,GD,324
FZ,DC,436
ED,GH,956
FC,KJ,545
JZ,BV,415
FX,CB,846
FV,JV,335
CO,FM,904
IG,JJ,559
HQ,FS,53
AW,GN,50
JI,FT,381
GE,DA,37
AZ,FD,29
IT,H,703
N,KI,604
JQ,EW,472
HR,Q,857
JC,HO,451
EC,JU,271
JV,JG,362
DM,HC,543
FS,O,529
HR,DO,45
X,IH,847
FU,ET,555
FY,KN,204
GA,KK,802
ED,CZ,826
GC,BQ,18
JE,IJ,118
AT,KM,564
KM,IZ,910
DZ,KF,74
FD,E,420
KE,EL,796
BF,DQ,726
HT,EU,164
HA,D,778
DI,BG,335
IC,GU,436
AE,J,819
HC,GE,325
AN,GP,60
KJ,AR,116
KN,BV,63
IZ,JF,58
EH,IP,226
BT,FM,486
FD,EY,618
HF,BC,861
EK,IL,323
CJ,DE,545
HP,BD,972
EX,ER,56
DF,KD,681
GR,FY,929
KA,IO,910
FE,IX,79
KL,IZ,461
IR,FY,495
P,C,878
Q,IV,180
JA,JH,721
DW,DL,301
U,GJ,927
GK,JY,762
AT,KE,760
AA,AK,320
DW,HA,985
EP,Q,841
KG,BT,476
IT,KG,781
IS,R,982
KG,V,348
IS,JZ,241
JW,BN,396
GA,IC,412
DB,BX,248
FJ,FM,140
ID,AF,630
JL,EP,407
CS,EO,867
C,GE,996
BY,KI,905
FX,BI,47
BW,IF,50
JF,FI,741
AV,H,180
IW,HE,480
AI,JB,231
HS,KH,223
ED,IA,926
AY,CV,195
GL,IP,495
AN,KF,121
IR,HN,563
IT,BU,446
O,EA,313
FE,CQ,444
CI,GW,844
CM,J,876
AL,BQ,945
FE,BJ,833
FA,HN,965
AS,EV,612
JB,K,215
GW,KM,552
IC,FL,438
KE,BN,385
KM,HO,416
CT,AE,149
CL,BA,356
JR,CL,151
HF,BB,685
JB,GW,958
X,FU,198
GB,HT,414
HH,DA,365
AS,KK,292
CV,FC,270
IQ,FG,856
GD,C,33
AE,CB,842
EH,HD,370
CL,X,371
FP,JK,706
DF,AC,825
JF,CK,389
EH,DZ,762
EC,GZ,388
JQ,BK,971
AQ,IC,769
GP,D,814
K,GK,41
HY,AC,599
AK,AW,558
W,IX,733
F,HI,248
DC,H,837
HH,IF,72
CC,IN,232
AD,HB,501
CF,EO,669
JM,CO,414
AU,L,292
DN,AC,210
FL,R,336
GO,EX,617
O,BO,520
DD,GW,815
DG,GF,133
DS,IX,981
AE,HE,133
HL,JB,791
GH,AM,493
IN,G,894
CU,EZ,39
AL,AD,125
CV,DW,782
CI,CJ,141
IA,IR,302
JI,BM,432
R,JL,245
GN,IE,702
BH,DA,91
AE,JI,376
EV,DO,384
EB,CF,944
JL,DS,703
HO,AB,950
BT,DM,679
ET,JT,322
EL,Z,142
BA,IZ,823
BG,FR,718
BI,IW,944
AD,IU,923
Y,BT,771
AA,BG,950
AC,GU,338
BL,CO,648
HL,C,445
FT,IT,825
CX,IL,156
AR,R,610
FY,U,396
ET,FN,97
AW,AP,398
AZ,JX,279
HO,IJ,241
FI,FN,262
HC,BH,270
AH,GY,824
EH,IC,718
AX,DT,694
ER,BQ,442
JD,DI,197
DJ,GN,91
EU,FR,361
GM,JA,570
S,Z,147
ED,FN,398
HE,GJ,551
DX,CO,705
FO,FE,284
BR,CB,219
AI,HD,709
HV,HQ,321
BF,DW,765
CB,AV,575
EP,JO,270
DE,JR,352
BF,BC,175
IV,IM,265
BM,S,830
CI,JE,129
JF,FV,283
CB,BI,108
IF,KE,896
KK,BI,915
BY,DY,170
BT,K,887
FI,AI,433
AA,GM,912
FB,FK,993
IE,Y,597
BV,AB,557
CG,FH,751
IK,JB,298
AZ,II,734
IJ,HA,253
EK,BK,252
EP,JR,124
EI,FS,251
AW,DS,436
AS,DR,38
KA,GU,399
JI,HN,138
KL,BD,327
GO,DS,232
GF,HR,444
IC,JN,296
BX,AE,501
BQ,EG,398
AT,KF,13
I,AW,668
DS,AY,706
Y,BS,447
JR,CM,449
IP,HF,119
KM,HB,170
BU,KH,124
KK,I,442
EW,KB,961
AA,J,114
JG,IX,275
FR,EW,476
HV,BE,841
DX,EW,266
HL,HF,715
HS,GX,733
ES,I,841
AR,EG,336
CI,I,466
GA,HD,313
CP,GK,715
FK,JA,583
EC,CB,399
GN,HN,35
BX,KL,31
CO,GA,305
BW,EF,21
DT,GE,536
DS,AU,315
EJ,JX,432
EA,CL,983
JK,EY,460
IO,GI,806
EM,AU,260
FY,ET,235
GO,JX,480
HO,G,942
CE,FE,718
JN,EI,417
CP,HL,976
HC,KC,118
IC,CN,298
DK,DR,687
JK,BF,589
HF,BD,396
BM,HF,170
BG,DY,295
BD,DA,342
DO,IN,423
JK,BA,416
FK,FG,793
EL,GB,789
HT,EL,310
GA,GH,754
AY,GT,951
CE,CM,970
B,HJ,204
EA,CJ,383
DW,GZ,314
K,B,739
AW,GF,49
AC,W,681
JI,BJ,474
M,HP,930
IJ,FB,173
AU,FM,461
CY,Y,744
HZ,AJ,301
GD,I,208
EO,JA,98
HD,HF,922
JA,AW,167
ED,CH,41
FR,GY,648
DD,FF,77
HS,DW,221
GD,IM,38
KE,ID,596
KL,A,22
FI,GN,830
GL,IO,27
JQ,FB,413
IJ,IM,683
AY,GO,96
EH,JW,645
FJ,BV,136
AU,HR,854
DM,IO,156
ED,BW,186
KI,DW,327
FV,DN,989
IH,BX,248
K,HK,85
GE,BA,787
EZ,CF,800
GS,IB,661
KH,Z,284
KM,GI,946
AN,GE,881
FH,GO,478
KC,C,238
HO,ET,517
DG,GR,242
IK,CV,32
GJ,IP,788
IN,IJ,839
AP,EQ,232
GF,S,32
CA,BZ,233
JK,EH,397
KD,BL,629
HW,IT,670
FH,CP,233
IZ,KJ,139
HX,KM,300
BS,IN,866
AI,A,890
HF,JJ,704
FN,HY,723
HO,FX,421
AS,HI,552
BX,ET,720
FO,CL,72
U,AV,660
B,U,804
IO,JJ,710
EG,ET,960
FM,GQ,542
AD,DD,273
KM,GE,775
D,FJ,349
JE,HK,515
GW,EA,282
IQ,JN,315
DM,CU,299
H,X,443
FS,AG,37
AH,II,613
KD,JY,440
JW,FY,953
IL,DL,217
IP,IT,209
IZ,DJ,476
O,G,671
HV,DS,775
EA,FY,51
IK,KK,947
JU,FZ,413
DC,KG,82
CW,DE,993
I,A,778
JE,HT,651
ET,GM,518
DS,IN,657
CL,JH,53
GI,CG,132
DH,KJ,991
IW,KE,684
IY,FU,316
BV,JS,84
CQ,JY,728
GT,CL,39
C,BQ,46
AW,HV,701
DT,EX,354
DG,GU,267
AW,CS,86
FJ,GO,566
HU,JQ,23
FO,BZ,214
CN,ES,212
HT,DX,473
CJ,GR,295
IK,JI,492
AL,CO,878
CY,ED,353
HZ,HU,45
FK,AZ,273
CV,EX,296
IO,CH,170
CZ,CP,521
GO,HV,710
Y,GG,100
FF,HS,177
EX,BH,756
EZ,AP,27
CO,GV,388
AH,FI,909
FZ,FK,533
GK,JO,738
FA,HA,171
AC,AV,916
EV,BT,997
AI,CF,689
GG,EO,378
HU,AR,485
DP,GR,608
CV,GI,145
DJ,FL,235
CI,IO,631
CR,D,774
FT,EI,20
Y,JZ,824
AV,CJ,277
GM,CA,796
HM,GA,492
FI,FC,583
EF,DD,738
BA,HD,773
H,EW,670
FA,FX,464
DE,Q,297
FE,HR,136
Q,CI,552
JB,EO,513
KB,BR,997
DG,AE,417
GB,AW,832
CQ,BO,861
BV,HW,633
BS,BV,449
ER,AC,232
CC,HD,280
AZ,O,158
JL,IH,939
GR,FE,585
EE,C,829
FF,IQ,74
ER,CK,162
IX,HI,725
KJ,BK,760
EO,EZ,787
BT,DO,593
HA,HM,698
U,KJ,466
AF,EJ,673
FI,BV,247
KH,JB,26
HN,IQ,450
HX,BC,211
IP,FG,725
EJ,HH,972
B,AN,637
CI,JV,943
FM,I,698
FA,AB,371
CS,AC,202
DX,IW,640
EE,IO,55
AA,HE,758
IO,IY,857
AL,KD,819
EM,BS,976
BU,R,442
CZ,EZ,231
KH,EM,63
GY,FD,242
DH,I,843
Q,HE,758
BV,AH,371
HN,DQ,546
FO,C,38
DN,KE,484
JD,GX,716
ID,BO,485
HR,JZ,394
CR,BF,40
EN,DB,729
IG,HD,581
JB,U,257
EG,BO,652
CA,FR,114
JL,IX,357
JD,CJ,914
FR,EA,594
BM,BG,720
EN,BB,811
F,IK,693
FH,IB,936
JA,O,843
EH,BU,41
DZ,AJ,631
IM,IE,700
KL,JR,782
KL,F,774
KJ,AO,503
KG,CF,858
HL,CF,572
KC,CO,380
EO,CO,402
AS,FI,201
DY,HE,697
CX,BO,889
O,KN,679
BF,CU,318
AZ,T,365
AB,DW,727
GN,CO,275
IP,CN,793
DS,JW,844
K,FN,404
X,DB,339
CS,DZ,962
DP,FU,122
IB,IW,258
DX,GJ,68
IG,DH,66
CG,IJ,341
A,DV,641
EG,DM,919
CF,DX,528
L,CO,721
G,JR,960
T,JA,245
JT,KC,776
BH,G,577
FL,IW,38
FK,DR,981
DV,KL,581
W,KK,191
AT,JN,938
C,JL,960
BL,FI,513
EO,JC,455
GH,EC,359
DN,FR,926
CM,KK,857
AB,KB,87
ED,EF,580
GJ,IM,146
CI,JL,549
DF,AS,419
AP,HZ,706
HI,AK,865
HU,AH,380
BF,JJ,15
IV,GW,108
KF,HT,552
IZ,JP,257
BH,JV,84
BN,FF,719
JV,IB,719
BY,HJ,128
JN,IO,285
DO,BF,943
KJ,IY,716
EB,O,757
AO,FY,742
FW,HI,247
DX,HV,786
KN,GW,26
AK,GM,990
KC,GZ,901
JI,EZ,465
IN,BX,833
EU,EI,960
I,IB,745
P,HU,628
BS,EX,796
KI,DV,906
CD,GE,280
CU,II,450
HP,HG,135
IA,CD,118
EE,BR,202
AU,AM,549
HB,EU,828
ES,IQ,374
EO,JS,977
JB,GO,349
GJ,GQ,569
IY,EM,763
FZ,AV,395
GJ,BZ,62
AZ,HV,250
IC,FF,557
CL,EW,780
AO,AM,246
CZ,BJ,202
HK,KD,707
HB,GA,70
CO,FZ,505
AP,AE,24
IK,HN,348
L,IA,719
KI,FL,228
CX,JX,646
IX,HK,646
CW,IB,645
BN,JU,500
JW,GN,554
FM,AV,989
FM,E,473
M,DD,311
HZ,JR,580
GS,EN,783
KN,KI,253
FP,JX,574
IA,AP,831
EY,IY,422
BN,IO,620
JV,AZ,426
IP,EC,856
CD,DE,329
FU,V,569
IF,EK,882
BW,KK,106
DC,GV,100
BZ,JS,344
GR,P,847
AD,FF,519
IL,BL,928
AQ,JY,592
FE,BZ,181
CS,IU,826
DO,KG,223
II,CZ,880
P,A,801
AH,FF,593
JC,DI,688
T,EM,524
CK,JB,123
AF,AW,29
JM,BI,609
EI,IY,68
HG,AU,869
AM,KC,112
JZ,FU,686
DH,DV,305
DK,GQ,818
BS,BU,249
ES,BO,638
DW,KF,614
EV,ID,466
DH,GQ,564
BN,HZ,959
DJ,BV,656
CT,IA,764
JK,EC,883
CZ,KD,260
CM,FR,227
EA,DT,159
JR,AJ,966
CU,JR,236
AI,BW,34
KI,KF,164
FJ,IQ,714
GJ,ET,410
AF,CI,664
CN,U,768
ER,IB,694
FD,GX,885
JK,KC,928
HK,BU,935
KA,FY,120
IJ,JG,172
EX,GA,251
DW,R,647
BJ,H,811
BK,CQ,732
AL,KB,158
HS,JJ,963
Q,KA,379
CB,FC,348
FP,IA,182
KG,EV,884
AM,CZ,992
IH,CG,53
II,JX,221
EF,AB,491
EV,EN,509
JC,GQ,557
FK,IE,483
JP,KN,648
KB,IZ,718
BK,GK,924
DE,BM,979
EB,P,843
GN,FT,101
AT,HD,58
HS,GN,973
C,IM,799
IR,JH,405
HV,BK,250
B,FD,796
GR,GB,633
HS,CG,350
KK,BQ,754
GX,EG,775
KB,KJ,752
EF,FU,854
EX,HA,262
AO,AB,297
HB,H,946
BR,CW,193
BE,EM,682
GM,BP,643
BV,HM,82
M,KC,411
DD,CF,912
EB,HT,457
GV,FK,819
FI,BF,151
JX,AL,261
IZ,FP,98
KD,GD,459
BV,DP,319
CY,AK,791
HV,BO,186
DS,O,61
AO,S,349
CM,BA,66
EU,HK,13
EG,DL,868
IA,EG,349
DF,AP,654
DO,BX,872
DS,FV,412
AW,CA,308
IS,DY,822
KM,GP,455
GN,KA,88
EQ,HB,675
AK,EH,508
DX,L,623
HB,EW,426
GV,KN,216
GK,FY,564
CT,CV,264
FO,F,301
BM,GX,982
IB,CD,740
AW,HZ,204
GJ,KB,138
AM,B,206
A,JW,199
IB,IT,42
IQ,GN,140
JT,U,237
KA,JU,870
CR,X,40
EQ,FE,938
EY,KA,920
BK,HD,221
IT,GC,570
GC,AK,639
EX,HF,827
I,FJ,483
Q,CL,698
E,AY,26
DW,GJ,514
JB,JC,954
IB,GC,316
GW,KI,715
FG,HM,157
AU,JD,929
HH,L,211
ET,IQ,377
JX,JF,567
Y,EW,245
AW,HK,824
GJ,JU,330
GH,AR,357
DS,EY,536
FC,ES,689
HC,IP,951
JV,HH,866
GQ,KA,407
AA,GO,865
KN,JL,90
EP,FR,20
KH,HQ,900
GO,BI,156
EX,C,241
JL,BE,998
IV,JG,944
AE,KM,695
JJ,JI,954
HR,IR,80
JP,FF,947
JG,JJ,48
CP,KG,292
BA,CF,844
HZ,EF,804
DC,FY,756
JH,CI,85
HX,FQ,883
HU,DI,727
DD,DY,277
JG,KF,785
JQ,B,839
CO,CU,383
DW,F,570
IU,AA,272
CH,AF,109
HU,HK,570
JT,IQ,29
JM,EM,298
GB,W,732
IT,DI,120
DE,AS,885
IZ,FK,953
O,GG,151
JZ,ER,389
FA,GJ,873
AT,AM,76
FW,HX,486
HT,JY,382
IN,ER,103
IJ,HJ,790
KA,GZ,778
A,GO,134
BQ,IW,432
JK,DC,71
H,E,472
ED,GO,843
IX,JR,38
GV,H,782
BL,EA,837
BL,KK,189
KC,CY,173
CX,EF,783
GK,HK,407
BY,JV,199
HR,DS,375
GF,HD,856
BZ,HT,321
K,N,859
HT,EP,169
BH,HX,830
JP,GZ,134
IW,GB,767
JG,DS,443
ID,CG,660
FC,DB,637
HV,EK,870
EJ,HL,112
BK,EF,376
FG,GU,585
HX,GM,720
FF,GP,488
CU,IA,969
FN,KK,198
GP,BT,69
CN,FX,727
AG,GG,767
CX,AK,563
HY,HQ,345
CN,DL,162
I,EX,457
AW,CZ,322
E,FR,297
GW,IP,290
CT,IP,853
IG,FA,481
GJ,KF,992
BX,JX,914
FK,CJ,622
FD,JW,271
AU,AE,754
BZ,HA,221
EL,HE,452
IU,JP,14
CV,CI,800
GW,BZ,597
EF,FT,536
FT,GD,497
EA,BK,421
ID,KD,919
CZ,CB,380
BP,IX,428
AQ,IJ,107
BK,BN,908
FG,KB,161
HD,DK,614
CS,EA,71
HK,FO,851
DK,GN,974
ER,IV,601
AH,DX,792
GB,FU,733
GN,JR,906
II,ES,647
HB,DO,16
FY,IQ,448
ED,AW,608
L,J,923
BM,JM,382
HH,EP,298
EV,B,805
II,FB,672
JE,HB,754
EJ,GG,747
HQ,KN,534
DA,CB,614
HX,HT,518
FM,JP,518
AI,IF,284
AV,BZ,517
KH,GA,249
DC,F,843
M,CB,938
IK,CT,667
AM,EJ,438
GL,IY,655
KN,CE,393
AA,JE,729
P,CP,275
JU,EP,279
JN,DB,315
HZ,CU,33
DC,HP,397
HZ,AQ,100
BG,BB,382
S,ET,202
X,FD,290
BE,EO,369
AF,IC,56
EX,HS,479
DT,AH,532
ES,A,798
AK,CM,702
GQ,IK,388
JF,DD,122
GT,GC,432
GN,AX,448
JJ,AW,894
BG,HG,30
IV,BT,545
CK,EV,68
JB,JZ,191
GD,JQ,164
EA,DX,787
IL,GO,421
IB,DD,426
EI,FU,340
JL,GQ,431
GU,IL,50
C,GJ,228
CR,FG,511
EN,EO,755
A,DM,286
KL,AL,683
HG,AF,564
BC,JB,652
FB,BZ,743
HT,C,885
GR,CX,855
L,GO,122
IU,JT,726
EF,FO,713
FQ,GW,332
ED,BJ,928
IB,CA,949
HV,CT,518
S,W,92
HX,JS,921
KC,JZ,193
GN,B,971
CO,JN,696
CG,JH,256
GU,DC,131
FI,AO,970
EA,EP,466
JP,CN,617
J,JP,230
CH,CN,183
AO,FK,618
FI,A,700
S,DD,872
FR,BR,542
GO,AM,616
IE,CL,596
JO,HU,148
CU,JC,872
HP,FQ,522
CZ,BN,949
P,JX,640
FS,F,930
I,HQ,333
EH,HN,689
ES,DO,558
AR,AB,88
CQ,CW,23
HV,IB,220
HW,CY,479
EU,HU,317
JR,JZ,523
DB,JZ,115
ES,FP,483
EH,GT,77
IM,CX,295
AB,HU,811
CE,FQ,592
BN,BL,780
GC,GX,767
HW,DZ,886
CZ,BW,742
HQ,BG,187
BO,HA,647
CN,CM,494
FB,DL,278
FW,BM,366
GM,IZ,250
CC,N,445
DX,AM,939
IL,CO,253
IK,W,970
IC,DV,730
FO,Q,869
JU,BC,893
IR,FB,957
Z,HU,14
AC,HF,997
JZ,GC,992
HG,FN,38
GP,FR,164
IJ,JS,485
BR,AD,30
AB,DF,142
GL,GU,890
V,CO,751
DQ,IN,858
FU,AR,456
HJ,CS,877
CT,BH,608
FE,KK,802
DH,FQ,925
CS,FY,566
HO,EQ,774
KJ,IO,721
GD,HL,683
JE,HZ,518
BF,IY,772
EH,AI,767
GK,IS,815
FE,GY,918
FK,F,681
JN,IA,62
Y,CO,541
V,BV,723
JU,V,879
JA,HC,204
BE,EX,250
U,AB,431
CR,AF,461
JV,CP,365
DT,Y,487
IN,GB,994
DC,EB,943
JG,N,352
FK,IR,795
JD,BL,163
B,FS,988
HJ,DJ,580
CW,BI,29
HA,HE,22
HA,M,883
BA,AO,676
JF,DH,352
AA,IG,972
AM,ED,201
BM,O,823
AW,EN,610
AN,JR,198
AI,GX,824
IB,GI,622
EB,Y,667
HL,S,576
BO,H,859
AM,G,508
EM,FN,624
AB,EJ,806
FS,FY,215
BE,IF,976
BW,Y,808
E,ER,455
V,DY,369
FD,KJ,246
IX,AK,994
FN,HA,676
GW,ID,616
IY,DR,636
II,CA,936
AG,GE,149
V,EJ,837
P,DC,718
GU,IX,747
GR,BS,942
JU,CD,408
BI,GQ,591
I,DF,328
CX,FX,158
FD,ED,124
IL,AO,894
AG,IJ,755
ES,AI,114
P,GA,192
JZ,H,30
AC,BM,680
JI,AG,155
FM,CL,890
KB,CY,941
HF,IE,376
FG,W,870
H,HT,867
AC,KM,380
BC,FJ,408
G,GP,99
CM,DJ,862
AT,FX,411
GJ,KD,952
DE,HM,200
FU,GX,658
DA,BW,452
T,DE,169
EU,X,480
CK,EA,179
BP,FN,99
BQ,JZ,837
CI,DT,865
AO,IM,578
IW,AT,838
DU,FI,168
BJ,JP,481
CF,BB,577
GC,HY,149
BX,HE,63
FG,CH,822
EP,GW,755
IZ,IK,172
GB,AB,572
GU,JV,819
D,KK,985
DS,FH,386
HT,FU,215
DC,AK,485
BA,EU,675
G,KK,615
FQ,HG,877
DY,DA,172
K,CB,290
AW,EV,918
EF,Q,797
GF,FJ,194
CT,HG,805
HO,FH,17
EA,FN,314
BF,GD,31
CZ,DJ,18
AP,GB,791
BO,L,140
FB,DD,789
ER,DB,894
KM,D,491
DL,G,265
KD,JR,700
EG,AS,999
KA,KB,350
IT,JB,742
EB,II,886
EN,EW,908
Y,C,989
AJ,CR,942
ED,B,64
HK,JP,93
JY,B,738
EU,FT,450
GE,GG,643
FT,DL,386
HO,CW,581
O,GW,519
IB,JB,623
HY,IX,509
DN,CR,90
IY,KI,81
FP,E,874
DV,FE,563
BC,EK,628
JV,DV,21
DB,G,562
DG,FV,891
FW,T,318
CI,HE,166
AO,GZ,416
AR,ED,645
JG,BA,985
BE,GQ,417
HG,JD,975
ET,GK,335
IP,KL,160
JL,GE,533
N,BY,153
KG,HY,179
DH,FY,231
IA,AM,321
AR,HJ,902
IY,II,69
HI,BP,481
HO,AR,615
JV,IT,703
GU,AV,283
BN,CS,508
FS,FQ,812
JD,KF,398
EX,DO,183
CR,HE,389
GN,CW,425
FC,BP,730
CY,W,158
BJ,FY,32
IP,BQ,856
FC,GX,744
GS,AS,798
IQ,GS,85
HZ,BB,926
EV,KN,209
GU,CJ,569
AX,GO,378
HL,JO,99
EK,AU,707
FL,JR,10
J,KA,439
BF,A,548
GG,AQ,908
M,GK,276
KL,FT,737
GS,A,457
EH,JG,61
BC,EW,244
BI,KM,897
AQ,IU,234
JQ,AF,226
GL,JM,681
EE,AY,703
M,KJ,952
EZ,CB,727
DG,CA,603
D,CN,585
AM,HT,855
JP,FQ,328
CE,AY,939
FJ,EW,872
FI,CJ,460
AT,BX,642
FS,HH,106
DK,DW,705
BV,FL,754
IL,AK,189
AL,BE,662
HF,JQ,538
DA,D,731
EU,DH,568
EY,GO,753
AG,JK,417
EH,KL,956
HA,AW,150
HG,JF,939
DZ,IS,307
AV,IX,90
DC,CC,368
AG,FE,245
HD,FA,327
G,GM,967
AX,IU,849
EI,G,691
KL,FV,937
GT,JE,750
JB,AS,543
BQ,KB,945
DU,IU,244
KB,EG,86
EO,HQ,382
DY,JT,735
GD,IN,469
FI,GU,76
E,U,418
X,DW,716
DT,DY,530
JY,FM,588
IM,EB,888
CS,DQ,780
Y,DL,141
GV,N,685
FJ,JC,833
FT,JU,78
FZ,BN,945
BE,FA,755
GH,BR,728
CS,KC,508
GL,IK,322
EZ,AZ,873
IG,FR,110
DZ,BG,636
GG,IP,665
N,I,389
AA,DB,132
GU,AD,684
HS,BY,578
JP,ID,38
CN,KF,678
JV,ER,725
IL,GM,372
HJ,V,718
JH,DF,227
FS,CP,256
IQ,BG,382
BO,IY,71
FN,AS,988
HZ,AV,978
GX,CF,537
JN,IK,121
IA,AW,367
EM,GV,583
I,IF,391
AP,A,163
EF,BE,29
KB,CZ,355
FP,DX,979
ES,DJ,92
G,BK,520
HU,HY,923
KB,HG,125
GQ,AW,407
DJ,AI,397
JD,FL,156
BR,CR,148
IA,JO,700
JF,BS,435
T,DN,749
EA,GZ,721
JW,FI,878
Q,IC,50
BI,GA,24
HJ,CX,149
KC,AZ,570
JQ,EF,874
A,JJ,784
JA,EF,854
GO,DX,406
GQ,A,272
KH,KF,924
CY,BK,31
CK,DI,153
BK,FM,204
GO,AO,530
FZ,CH,733
FF,EQ,205
FE,H,746
JA,JL,430
DR,KK,451
GA,ID,457
EY,FP,804
S,FA,929
HO,JY,632
JB,FD,650
B,HT,207
FW,GZ,556
HE,EG,524
BA,HL,558
HP,G,474
BY,GZ,238
IO,JD,235
HI,HS,714
GA,FR,572
BE,KH,215
GS,HJ,796
AC,FC,410
FG,FB,398
FH,C,28
IE,FS,631
AC,IB,298
EW,HW,22
IY,IH,206
BJ,G,448
BX,DV,886
GB,KC,582
GY,AN,588
DX,HP,373
DE,AU,182
BJ,BA,938
HK,HE,788
AZ,BS,785
R,FI,94
JR,C,665
CF,DK,774
DP,DX,588
BN,AR,787
DX,BB,478
ES,JF,940
FJ,KH,85
JO,HZ,448
BA,EH,903
BY,EQ,196
KH,HN,862
N,HG,985
BR,AU,368
FB,CR,796
JV,HK,674
EI,AZ,457
Y,IS,991
HE,GW,822
HU,JE,208
II,FH,957
IA,P,86
U,EM,649
DA,EW,937
CM,AC,827
GL,AA,260
EF,AD,102
KG,GE,498
AE,AJ,620
BB,S,926
KE,EK,741
DI,CI,334
ES,IX,598
HH,Q,311
CZ,AY,460
KG,M,208
JR,IH,325
BI,GU,900
IF,HF,905
JQ,FQ,949
EF,KA,766
HD,KL,480
N,F,496
FQ,IS,233
FN,G,121
DJ,KL,215
BF,DL,492
IP,FU,814
BG,CK,924
CX,IH,385
BC,BL,140
FM,CG,206
KN,Y,163
AF,BY,342
Q,ID,959
IF,CF,213
IB,BD,76
FC,GY,994
KB,AZ,996
BZ,BD,103
DZ,ER,49
FV,HB,451
CW,AI,23
DL,BQ,514
GD,IV,759
ER,FT,907
DZ,FA,922
JP,GG,458
AR,CD,857
DL,CS,332
IF,E,483
FH,FF,560
CG,DM,539
P,FA,167
JY,KF,415
FT,JM,165
KC,Q,919
DT,KK,22
DS,AN,449
P,CE,211
GR,DH,12
DT,EL,961
GK,Y,785
HQ,BV,72
AW,DN,316
AU,CG,348
BS,FV,305
X,AA,245
CU,EK,283
CR,BE,290
FW,BI,700
CB,HR,173
CN,GU,778
ER,JC,959
CT,EP,28
AY,Y,779
DU,GE,103
IX,EV,752
JJ,GQ,318
EL,CA,176
HH,GT,728
IU,AS,756
AE,JS,48
GQ,IN,224
JX,CS,382
EX,EH,857
DO,DC,420
KG,CT,472
DA,JG,811
AR,ES,303
GC,CX,87
GS,IE,67
FD,HS,292
KN,HF,641
C,HB,97
FT,JB,824
FA,HW,686
H,DD,130
HC,HV,89
C,AR,580
Q,CK,104
IV,DZ,705
HY,GA,932
GI,CB,392
FU,DO,154
DY,FK,142
CT,BD,852
DF,HK,274
JT,HP,784
H,BV,339
CC,AN,115
CZ,CV,562
A,JQ,986
FN,KM,734
IQ,EV,135
BN,EO,877
GE,DF,930
FI,IW,372
AY,CM,223
GT,AK,81
KB,CN,664
AO,CH,947
Q,BA,416
KI,AC,777
AL,HU,942
EX,FC,284
BP,GU,301
IT,BL,346
DJ,KN,753
JJ,HE,279
HM,AZ,509
FB,JG,32
FD,HT,292
BV,BC,177
HN,BP,27
DD,CJ,527
JF,GD,50
DB,IP,828
GU,DO,718
HI,IA,870
CI,HZ,76
JW,AX,533
CK,IX,477
G,Y,614
KL,EB,493
AL,BL,156
DT,FD,27
E,AR,107
IU,FT,616
CN,EV,609
ER,HY,112
BO,I,562
AH,BD,886
HW,IZ,607
I,FA,329
DE,BG,881
FQ,CP,458
EN,CL,317
AV,CI,773
EH,CY,982
DY,BV,238
EF,Z,958
FQ,IH,56
BY,AX,844
CG,DZ,157
FT,HG,711
K,JR,550
GU,ID,559
M,AY,279
IR,EO,281
IX,DH,613
GS,W,947
EY,FJ,743
KJ,IW,65
CF,GW,788
CU,ER,109
JT,CE,685
GB,FR,964
BD,CQ,229
GU,IB,772
DI,GR,186
EU,EP,794
GL,JG,601
BQ,T,662
BA,EJ,205
FA,AC,338
EW,CW,167
IL,HQ,240
BP,FP,523
GX,FG,578
L,HA,732
DG,GY,718
J,FG,908
HJ,EZ,483
EQ,AI,905
KF,C,151
IA,EM,182
DG,BM,564
EM,FT,373
KG,FO,970
GM,EM,209
AG,DU,709
KA,IQ,957
HX,W,708
HM,BU,650
AN,KL,789
EO,BG,11
AD,GQ,756
HN,AH,426
EO,JG,258
AV,GS,438
IL,CZ,850
FF,KN,229
BV,DC,942
FW,EF,866
U,GT,715
AM,BL,140
JV,AK,717
JF,JT,535
M,GH,767
DG,EK,694
AE,R,272
GM,GC,364
GT,AI,693
AD,CD,325
ID,DV,309
FA,FN,364
GH,IF,761
HY,GY,280
CY,EU,859
CZ,IW,904
EN,FV,135
EJ,D,141
GJ,IS,739
JD,IR,64
JG,GZ,673
BD,EH,357
BI,BE,149
AL,IT,461
IO,AG,733
DW,FL,249
CX,HI,265
EY,AA,224
DJ,FO,353
ET,HV,743
JV,JA,923
V,AP,20
IU,EU,854
DT,KJ,759
DP,HF,515
KD,CW,67
JF,I,512
JQ,EA,719
K,HG,406
Y,CC,48
IM,AI,666
AU,FE,419
CR,FP,76
J,ID,289
KA,JX,874
AG,IN,448
CO,HH,739
GP,ER,754
FY,AE,309
CQ,FF,673
AP,EO,88
JR,V,789
DG,HS,374
G,CF,812
IF,AE,295
AJ,FA,477
CK,DL,999
CV,CW,213
HL,IG,702
BL,EN,356
KG,FW,18
BW,DP,953
FL,GK,989
AY,CO,321
AS,IR,53
IP,BI,841
BU,CM,830
DD,HJ,244
G,GN,591
IH,CC,185
GE,KK,797
BZ,GG,727
AS,Y,620
FC,AF,917
CV,IS,404
M,AE,792
DV,F,819
JT,EH,558
K,FI,481
AG,CP,687
IE,AK,881
FE,BA,908
AO,GU,923
FJ,BX,598
IP,IN,899
JQ,BF,555
AY,DP,531
BF,FN,585
FZ,T,581
P,Z,170
JU,BP,598
GZ,FH,452
F,AT,45
BN,DK,73
JP,KB,533
GD,DN,80
HH,HI,627
CN,AX,729
JP,EN,535
JI,GQ,698
GP,FB,585
JV,CF,526
FN,JU,468
BZ,C,540
EP,CU,698
DH,BU,947
BX,ID,317
CG,BO,94
FB,BU,625
HX,IH,53
Y,JO,707
ID,BV,505
AQ,O,381
FE,AK,430
AL,GR,537
BW,A,471
KK,IR,522
IG,HU,636
X,GM,382
DT,IQ,398
AY,EB,106
IP,JN,367
BD,GR,487
EJ,CR,248
EO,HJ,468
EJ,IO,231
IQ,GM,723
JJ,FE,211
FP,R,192
S,CL,642
CZ,G,237
GV,F,655
K,DB,451
CH,DU,440
HA,KB,437
Q,KB,112
BW,KH,188
CT,DC,640
HI,GL,481
GH,GN,338
IA,K,745
CG,JN,59
I,BF,320
F,JK,582
HC,HJ,943
ES,CL,493
EV,AV,87
AI,JJ,508
O,H,763
BK,CE,778
EH,AG,290
ID,IW,709
GO,KD,426
EN,DQ,752
CE,JZ,515
BG,HT,304
JW,IO,662
CM,A,380
AM,L,236
CP,JP,938
HW,CI,758
II,ED,588
BO,AJ,398
EK,AF,274
DC,FC,290
AC,AB,804
EM,IV,988
CZ,IV,654
AA,HZ,21
IW,CF,923
B,FU,791
JD,CS,38
AI,DE,631
DB,CY,552
IY,JR,22
CZ,HD,453
FI,KN,873
KC,ID,360
R,AF,256
DK,EH,405
JL,GM,870
CG,HL,78
EO,FY,517
FW,HG,440
M,IB,844
FJ,DG,16
JH,HF,477
CY,HP,726
E,BH,888
AG,GA,507
FC,IG,863
CP,AJ,103
ET,GG,816
HC,DR,440
F,E,584
CM,CO,744
JV,FD,344
DE,CI,408
BH,JW,996
AV,DK,92
AC,CQ,958
AQ,M,279
IZ,FG,512
GT,JI,695
CZ,GL,264
I,BT,726
IQ,HL,194
DZ,GB,63
IR,HA,537
BD,AJ,180
JJ,CF,147
CR,DZ,100
EY,HZ,253
EW,BU,104
IQ,KM,661
Z,GH,421
IH,ES,433
GE,JY,891
IC,GG,469
FZ,BE,138
IS,JW,216
FT,GA,480
IN,KF,907
GC,IG,720
HR,FD,999
IS,AI,72
IQ,KD,170
CT,GL,730
CA,C,778
CN,HE,679
P,FB,32
KH,DN,449
GO,JK,357
BB,IX,467
BJ,FB,841
AB,S,635
JA,FW,847
CZ,IY,219
BU,KB,74
IB,AI,507
HS,DF,68
C,FD,272
EE,IJ,267
EO,CM,384
HE,JM,356
HB,EN,596
FM,KC,247
EE,HO,51
EK,EY,356
AJ,BR,843
JR,L,453
AC,BG,975
JM,FI,190
AL,EN,459
DK,FZ,90
DE,HI,420
BA,IQ,501
FS,JP,437
BH,O,143
DE,P,72
DN,IY,759
BP,EC,112
FI,IS,448
IN,AO,560
CB,FG,762
IU,ET,13
JG,BL,94
GD,FZ,276
HI,HT,762
GV,AR,74
DW,CU,179
EW,DW,981
GE,FO,673
BL,JK,703
EM,DO,165
HW,CU,797
AG,CX,595
D,W,483
KN,FS,432
ID,IO,745
AY,IL,920
EE,O,770
EI,HF,172
GQ,HI,605
AF,GH,260
JD,HZ,926
FX,Y,284
JU,HO,242
T,JJ,247
JJ,EQ,334
IY,AJ,464
GY,HU,77
FD,DN,652
JW,CC,39
HN,BZ,793
ET,Y,509
DE,BZ,714
AZ,GI,401
CH,AV,142
IB,JP,745
M,JM,544
W,FH,246
KA,EK,451
KE,AY,227
GA,IW,37
CJ,EE,795
JI,AY,126
EA,HN,504
GN,BC,801
KN,IR,839
EC,DM,274
DW,GF,31
CX,IG,815
AS,GO,83
EU,JA,99
AZ,DA,647
DO,EY,985
Z,V,670
JP,S,347
FN,DS,544
DW,BB,529
JB,AP,566
FF,IF,606
KN,FA,309
IZ,GN,251
DP,AM,478
EL,BZ,835
EC,HO,965
U,S,326
IR,FF,989
HI,JJ,97
FV,GD,848
JL,JI,274
FX,FR,779
D,JA,377
FM,CT,415
GL,AE,84
KJ,FN,572
DU,FM,619
CR,DS,288
EZ,C,765
T,JY,376
EK,M,467
HP,EC,471
BU,CC,680
EU,HS,249
HL,JX,732
IW,CS,145
EB,A,79
GS,BJ,121
AS,CI,347
HF,B,418
M,F,34
CO,BV,949
R,IQ,227
EX,FF,937
JW,GE,149
IB,AG,742
CH,CG,309
CR,J,130
KJ,GX,737
GN,FF,762
BC,FA,850
DA,V,17
JN,FT,740
BB,IO,479
CW,IY,890
FJ,HD,418
BC,GF,339
DX,EX,761
GW,EK,61
L,DV,512
AG,GN,970
JC,GM,508
BC,GC,275
AN,CZ,330
FY,JE,490
HD,EX,244
CL,FK,473
IL,P,445
EG,GD,854
GR,KK,602
G,AJ,984
HN,EF,116
CY,FS,335
DG,AH,98
FR,HN,318
AL,EQ,351
DN,EY,558
S,FQ,924
HR,GG,808
AH,CL,73
U,CM,75
CE,KJ,78
BL,DR,973
KL,HL,757
JU,BQ,852
KD,HR,482
JA,HT,924
FW,IS,836
GL,CX,856
GF,HY,408
GU,IH,496
GA,EO,939
IG,AG,814
IB,BS,537
JH,IW,92
DH,CB,285
BM,GM,261
HZ,EO,550
IX,FW,79
T,AK,159
AY,KB,422
A,BR,527
JA,GS,282
FZ,W,402
GG,HS,353
CR,HU,170
DG,EJ,429
FH,CL,780
KK,DU,26
FM,FT,323
KJ,EV,690
KD,JN,366
FV,GF,937
DQ,I,363
DF,BD,672
IQ,JA,28
HO,HR,718
HL,BJ,419
GJ,BC,30
DI,GP,515
KK,EJ,671
FD,DC,343
FV,T,17
EC,CX,587
JY,N,630
KF,BU,374
BG,IX,594
GQ,GU,811
GL,JQ,70
FC,AS,430
IU,DS,109
EP,I,394
JT,KM,430
DG,IR,669
F,FY,901
DW,BH,951
FK,EM,36
JC,Q,411
HE,DG,385
CE,BO,662
FB,DU,805
X,CA,794
GD,CI,149
HE,F,760
AC,IP,74
DW,HW,336
AI,BE,201
GA,BN,812
FA,CJ,25
HK,JZ,696
HR,JS,917
AH,BK,391
HG,DV,159
FL,KG,137
N,L,569
AS,KJ,474
BH,HF,468
HX,IN,75
AB,FN,779
JT,FX,423
DG,IX,862
BJ,AY,161
JX,HC,157
EN,EA,791
E,DP,761
BB,FD,268
HW,IX,862
DR,G,433
KG,IU,146
JU,D,914
JU,KG,273
Q,GS,484
FD,IA,499
AU,IT,444
JM,FC,320
KK,EQ,178
Q,FH,840
CF,JT,494
HH,HW,848
DJ,CV,837
FW,AS,908
AP,KH,695
JS,DP,947
FE,GS,568
AG,EB,272
HX,GK,274
U,KG,944
GV,FO,106
CK,BY,574
AE,HP,342
HT,GU,892
AQ,HO,301
BK,JM,851
DW,BG,719
BD,GX,160
EO,HX,36
EN,CD,992
IK,IR,344
AO,BY,245
EI,FA,326
HV,BM,374
FS,IU,195
GY,AB,522
FL,GV,329
IU,FQ,349
FV,BQ,814
AQ,GN,674
FM,HB,539
DB,Y,440
Q,EX,942
IZ,KA,194
DW,BX,956
AD,FM,290
DJ,AX,808
CI,KB,104
DW,BZ,548
EZ,IN,45
U,GL,587
CS,ID,66
GI,GY,434
GB,HI,362
FC,BX,596
EL,ES,50
JJ,BP,40
R,GY,408
EH,JU,662
FD,JA,522
JN,E,275
FE,GC,537
FF,BQ,706
GO,GP,945
DH,L,216
BU,AO,494
CK,EB,755
E,GJ,468
CC,IB,210
EO,BS,915
BK,CX,263
EG,M,515
AG,CV,971
GU,KM,827
IS,CT,458
EF,KF,408
FV,JT,735
IU,IN,465
FG,EY,361
N,IF,523
FX,AD,339
U,HK,182
DQ,GQ,126
JC,IW,106
DL,HR,514
GZ,JE,979
EE,GN,790
CO,CB,251
FD,EB,318
AS,GI,111
HN,AY,321
DC,IO,306
KG,T,539
Q,IW,157
FX,BA,931
CK,JO,97
CF,HS,943
AJ,P,577
HH,GI,738
CU,EJ,578
F,EB,992
AA,DX,667
AD,GY,751
L,FJ,922
CY,BR,858
ED,JR,834
IX,DA,782
AR,II,121
AL,DV,353
DJ,GG,631
GS,JI,220
J,BP,401
FQ,CU,76
Q,GR,103
EB,GH,395
DF,HQ,408
KA,AF,394
GZ,DY,271
CL,II,273
GW,HV,649
B,HD,877
FA,CD,61
GG,GQ,497
JI,JA,426
CJ,KA,270
CA,CQ,628
CV,HG,703
AY,DN,707
AD,BB,781
JT,EC,760
JB,KA,923
FR,EL,877
W,JU,165
HK,GF,412
FY,BT,493
HA,AD,101
AY,S,376
FV,IF,528
BB,JU,453
IJ,AX,77
KD,DM,430
HN,A,707
HA,CU,410
AT,AA,162
BA,BK,677
GU,II,678
KE,CO,346
HW,BQ,294
IE,IS,821
GB,A,147
CA,AC,623
AY,KN,631
HO,FJ,627
IT,JK,627
DX,JN,175
CD,CF,430
FU,EA,763
CZ,A,846
HZ,JB,765
DG,KC,413
DL,JF,697
HS,DA,684
BP,KL,43
KI,GK,998
EA,FM,492
KF,DM,327
AA,JW,50
GL,BK,704
GK,E,299
DQ,HY,616
JS,HV,808
IQ,CI,972
GB,L,925
BK,DX,897
S,GR,489
JW,DM,992
IC,HN,847
AB,AP,811
R,CJ,844
HG,CK,756
HX,IT,636
CE,KE,789
DD,BO,380
IN,AS,835
AO,BR,725
DI,Z,677
GW,AM,650
AV,CY,190
GD,BE,65
IQ,FR,362
CZ,IE,460
CP,EO,729
EC,AY,697
FU,HK,513
CR,EW,583
EQ,BA,131
HT,EG,125
GU,JU,195
IC,AX,545
FR,JE,159
AN,DJ,761
R,DT,181
BF,EN,441
IU,FZ,607
V,GN,970
N,FO,271
GO,JC,175
BZ,FR,862
GQ,JZ,740
GK,HZ,305
AM,GJ,465
HW,JI,522
DS,BN,325
IC,JO,275
CE,HF,249
JV,GB,194
JB,JK,623
AL,EH,777
AM,IT,974
IM,IZ,726
AB,BE,524
HW,ET,299
HV,GE,361
FZ,CW,138
FE,KL,280
DD,HT,314
HS,BQ,542
DK,L,593
HG,JY,228
BA,KF,76
EO,CB,803
AK,IK,950
EG,JQ,80
AH,HM,453
FB,CQ,778
KA,FJ,377
IW,EE,702
AL,DY,818
CI,CR,198
IV,AD,528
GB,CC,159
FZ,BM,414
AA,AM,593
AM,GZ,246
IO,BV,155
GD,FP,937
HX,FI,40
IF,AS,408
IB,IM,724
IQ,IY,940
HP,BR,130
HD,J,158
KM,CC,48
EO,EP,34
EC,HZ,968
FV,BR,672
HJ,JQ,269
HK,FV,365
BW,DN,473
IJ,CS,893
I,HR,469
HF,HI,292
GK,AO,880
ER,AN,787
KK,IU,625
JE,GJ,694
I,EI,463
T,HN,941
IO,BS,836
EN,V,294
KN,BQ,848
FN,V,234
DS,AM,788
FN,EW,217
FT,ET,285
EX,EZ,291
JE,AM,402
DG,FY,733
N,R,273
ET,AM,790
FE,Y,222
KK,KB,78
JJ,AC,763
EY,GN,293
N,V,744
ET,BQ,548
DP,IP,32
BR,AN,99
JX,HH,863
EV,AK,736
BR,GV,184
BD,BQ,971
P,DX,167
HW,DT,926
GA,BH,96
KB,BO,298
HE,FL,258
JN,EY,14
R,ER,526
GT,KM,152
KF,EJ,100
FM,HH,507
GR,CV,478
GF,HV,191
DK,D,77
R,KH,41
EF,KK,403
GY,HG,416
FB,IY,368
AX,GW,562
IW,JP,122
JN,V,992
HJ,BW,569
CD,C,772
HR,IJ,562
IB,EX,457
AN,DL,290
BC,IY,108
FI,AE,800
EB,HC,700
DB,KC,870
DM,HL,176
JN,BL,109
CK,IM,644
IX,CJ,400
EU,GB,126
W,JM,594
JA,GH,96
HF,W,50
CD,DA,942
AZ,BO,105
JK,GF,590
DQ,JL,251
EG,EZ,561
JJ,EV,269
BU,CI,780
EZ,EN,136
IZ,GL,376
JK,W,728
GB,HF,218
EU,HR,44
KD,FU,23
CC,BM,764
P,KH,352
BQ,EQ,173
HF,HO,767
IL,FV,47
JS,AK,620
KI,EV,154
HC,BW,79
J,KI,395
HP,IG,821
JA,DR,804
EQ,JD,945
GU,EH,496
HJ,AA,38
JR,IB,503
JD,HL,65
FJ,DC,624
BX,FM,420
Y,CQ,905
JI,EO,413
BS,JZ,542
DS,IG,156
GQ,HK,543
GF,AG,213
EL,IB,113
FT,FP,839
CS,FD,313
ID,HG,881
JA,CA,753
JU,HN,66
CV,FG,19
BE,HI,361
BV,I,675
EO,DF,423
ID,EB,181
HD,JE,134
GV,CN,513
CP,DL,712
JT,AE,624
DG,JC,967
P,ID,499
H,BE,765
IZ,JK,998
DR,DZ,416
AP,AV,501
JS,BO,152
GB,JN,455
FU,HI,929
EU,DP,934
FZ,AC,606
BO,CR,804
FV,BC,431
AG,O,497
CA,FB,427
FQ,CS,327
JW,W,951
CI,JU,67
GC,KM,941
U,FL,455
DW,GW,722
KB,AW,567
GZ,KK,50
AZ,AE,198
DL,N,789
CV,IC,361
DX,FI,550
GA,EB,620
FN,HV,869
HZ,KC,164
BM,EQ,852
JV,BN,474
IF,S,254
CG,BY,599
GN,DT,697
GQ,HY,566
DQ,DW,751
GP,CI,685
BE,KB,446
AE,BJ,796
HV,IV,291
FT,GM,128
CF,CJ,483
GP,HJ,160
BH,AX,135
CQ,BM,818
CM,FO,661
AA,EC,30
CF,BY,12
FD,GZ,34
BI,DT,791
GX,HY,743
KC,JO,123
GW,KC,456
DP,GY,546
JT,KE,455
HE,BH,519
CG,IU,289
FI,GW,480
JI,CI,804
BF,X,582
AU,BT,333
JV,HB,400
JQ,JV,775
IH,HQ,471
IE,BA,106
AO,EE,446
HC,BN,280
FE,FB,899
JW,JI,397
CX,BP,624
IA,HF,405
AQ,FH,410
IM,HQ,192
EP,KL,933
KC,BA,473
CD,EY,851
JR,BJ,451
DI,U,898
BX,KE,489
KL,HT,445
KM,BY,37
FR,EX,552
D,CJ,49
FX,IT,105
BF,IG,465
O,BS,514
IH,FB,710
KB,KD,562
CN,Z,485
DT,GB,109
IG,FI,639
IX,CU,806
HN,HZ,917
GI,BU,81
DM,EU,677
AX,AH,346
FU,EP,266
BF,CJ,904
CD,FD,58
KI,IE,678
FY,GL,94
AF,DR,67
FJ,ET,180
FL,KA,896
EX,BX,780
IH,BY,862
FS,AT,849
ES,CV,907
EX,IE,909
GI,F,902
D,CC,813
AH,CG,999
AR,IE,628
DT,BQ,446
DG,CJ,637
A,EO,10
BW,BE,414
IQ,HH,723
HG,KN,740
DF,BH,264
EW,KK,186
IT,AB,116
HF,JC,80
GH,AO,605
EE,DF,431
GR,GD,421
DZ,IB,93
ET,CB,893
AD,AJ,576
HF,FK,685
P,BL,574
AW,GC,200
AD,JL,511
JO,HG,14
EP,DT,880
BA,JP,641
DV,FR,52
CB,KB,285
EF,JL,712
CA,P,926
R,GS,167
IU,ED,718
BP,DZ,274
HC,GL,532
JH,IG,498
BK,B,45
A,FA,731
KF,KA,748
IK,AC,612
DF,JW,702
IE,HP,623
BT,EX,354
FW,HZ,122
IK,A,475
JH,BV,223
JB,JF,203
EI,E,670
DQ,CR,667
GV,GK,423
EC,FW,242
IU,DI,70
FP,FJ,113
JL,AL,570
IH,U,573
KA,AT,424
FM,AB,851
BH,II,856
CP,BL,918
JC,GR,161
GG,GD,487
EQ,HD,666
CJ,DI,913
J,I,675
A,CF,61
JR,BB,355
FC,J,721
GH,FU,511
GQ,AZ,47
HE,CV,975
AQ,IH,269
BA,BD,10
KG,EI,403
FC,JI,179
AT,CC,868
IG,J,376
BS,HY,101
BY,KC,42
JD,AM,165
BU,JT,783
AN,BN,266
GS,FT,707
DV,GG,68
DY,JB,883
AF,CP,394
KA,GT,551
IO,GK,283
HD,FL,140
IK,EW,255
CH,FF,853
CK,EE,23
GO,BM,383
EE,CT,19
BM,CX,379
FH,JJ,501
JV,HA,66
AQ,EK,337
GY,JC,418
AS,KN,774
JQ,IU,487
FF,BF,250
F,GW,55
FJ,IE,328
CY,DQ,957
DB,CV,508
GZ,FB,645
KG,BJ,821
JO,KN,911
JD,AJ,370
ET,FC,451
CV,HA,709
AR,KE,914
JJ,CR,267
AU,DM,604
HS,BM,537
CH,GD,153
EQ,GC,770
IB,KM,938
AO,EL,694
CI,FK,304
IB,EP,185
EJ,ET,895
FP,GZ,367
HI,BU,211
BJ,JG,33
JB,L,359
GB,BL,361
HV,BP,722
HE,DR,403
EB,EW,472
AF,GC,945
CX,FD,785
EA,BE,759
ES,AL,603
FY,FV,966
JR,FQ,167
HJ,JK,986
CY,IB,422
FJ,BD,784
J,HY,109
IQ,IR,327
DO,AK,287
BU,CB,788
FK,IY,598
HY,ED,475
KN,DL,991
G,J,461
FO,EP,944
BW,EN,136
AK,FQ,996
DR,FX,546
AV,JO,871
GN,CK,903
Y,KL,628
GC,JL,927
DP,FK,886
GE,HE,34
AG,HP,12
KK,FW,533
U,FD,205
CS,BO,447
AS,CH,640
AE,GQ,419
A,DB,686
BT,DG,424
GE,KJ,22
EP,GE,407
CG,CO,939
AN,FX,746
FJ,JE,672
FA,IZ,905
AR,IG,281
EB,BX,364
FK,AG,118
IO,DJ,735
FN,BA,742
BY,EG,127
BQ,AN,134
M,KB,131
EM,AB,35
IB,JG,666
KF,GP,975
ID,CB,163
EV,IV,723
IC,P,55
BY,AK,984
Y,EL,926
JU,FM,721
JM,V,145
IP,L,369
DF,JK,118
JF,FH,19
BI,GJ,981
AA,E,982
DR,IK,699
FM,FH,867
HO,JI,733
FS,ED,138
BP,FJ,841
IA,BA,290
HT,X,679
CM,CS,137
HF,AM,872
EJ,EH,560
X,EL,241
KC,IK,546
CQ,HO,798
IP,KD,816
GC,JB,343
IC,BY,623
BC,CJ,356
Q,GN,786
AL,Q,942
AB,AE,44
HI,HR,594
KN,AJ,444
DM,JR,295
AA,FQ,120
DR,EU,597
IF,HR,419
EG,BH,977
AR,DG,242
HM,E,173
HA,JU,895
IF,CD,563
KM,CF,368
JF,ED,896
IE,O,224
EO,EX,79
IR,I,376
HO,CP,777
FI,AW,162
CK,IT,84
GM,AI,277
GN,BG,213
F,AU,255
JS,HK,246
AS,CF,643
U,FZ,411
IF,HX,772
JB,DR,93
BC,EU,665
IP,EA,750
IS,EO,479
IB,IX,966
FY,HZ,437
CP,BY,935
IO,CP,480
A,BZ,542
HM,FR,928
BJ,BD,808
JX,IC,453
IV,H,116
CY,JA,977
BD,DE,953
Z,KI,815
EI,AK,323
Y,EN,809
IB,JL,630
CQ,D,346
BF,JG,655
AP,FO,839
IJ,FU,136
FJ,HP,266
W,BO,571
DG,BA,67
BW,EV,819
DO,EJ,654
BL,HJ,535
DG,FS,871
CU,GF,131
JM,BV,127
HN,IB,797
CV,KI,188
BV,AX,126
BP,EO,381
GY,HM,445
AG,F,896
CS,AN,733
EA,AB,232
HX,DV,924
DZ,IL,331
EX,EF,327
JE,S,455
U,F,977
JH,JN,213
BD,CL,714
GH,JL,590
JX,HJ,536
KD,BJ,842
GN,KN,524
JL,AY,226
AP,EL,242
JS,I,668
JR,GV,758
CA,CX,707
HL,DC,885
IS,IJ,945
FV,AC,542
GN,DC,415
AV,JS,90
EG,HB,911
BA,BF,132
JN,CY,831
F,V,660
FL,IZ,825
ES,HH,579
GJ,Y,157
CM,EX,218
IY,GC,303
KA,EE,778
IH,AD,979
HG,CU,196
HA,W,859
O,B,928
IC,JW,587
AD,JV,276
GT,AX,517
IH,HT,960
KB,FQ,180
CJ,IF,699
JE,GY,729
JA,JK,118
KG,KD,555
BN,GI,318
GN,BL,924
JQ,HR,625
S,EN,254
GU,N,613
KK,EM,243
KM,P,905
CU,AJ,840
FP,EN,196
GZ,I,33
DA,AW,610
BW,EP,320
GM,HV,224
EM,HT,227
KD,DD,536
IU,HM,530
GS,IU,787
BE,EN,979
S,HX,771
DQ,JQ,276
CP,GY,115
DS,JK,734
IZ,AW,141
S,HE,149
HO,KK,336
EX,GT,230
DX,CN,641
AP,AY,706
AX,JM,905
GE,BU,876
BM,AY,477
HM,DI,577
FY,FI,636
FV,BK,501
FF,JH,525
AR,GY,50
DM,CZ,345
BI,HD,835
GB,GO,546
IB,CN,495
JR,DL,143
CN,DS,390
IX,AT,595
IR,FA,423
IR,DM,613
HJ,CM,858
AY,JV,516
GF,KK,922
BW,G,742
AC,BN,407
JG,IP,448
GZ,Z,924
X,CO,445
FA,Y,659
BJ,FS,490
IH,GB,413
KD,IE,493
KB,V,604
JS,T,595
JE,V,835
V,DB,613
E,BA,49
X,IT,689
GO,HC,656
FR,KF,428
KA,KD,938
IR,CN,197
GB,FP,762
EL,BV,989
ID,AV,699
AN,N,675
DJ,IT,624
Z,GE,432
HQ,CR,675
FQ,BX,371
FU,DK,84
CP,CI,355
IQ,EB,234
AD,KE,971
CD,FX,814
DI,FD,370
GD,DP,759
DK,KI,429
BO,KC,313
HM,AB,668
AW,L,434
GI,HA,520
GT,EJ,873
DF,HL,426
HN,FB,273
DH,HT,382
CX,JU,979
HR,H,759
DO,CR,787
FD,BD,778
DJ,EO,566
DR,HQ,547
JI,JR,425
EB,GL,875
FE,FM,985
BM,Z,283
G,HV,75
DP,HG,184
EV,X,554
IP,FB,832
AW,FD,443
HC,GZ,719
DZ,BA,924
CD,T,889
FF,FK,885
GZ,JA,837
HN,KC,83
BM,FD,916
AK,BQ,485
HS,EL,790
CD,KM,372
ER,T,747
IU,FN,964
GW,AN,600
EW,GQ,403
HM,JH,409
EW,BV,25
JJ,IZ,442
GL,JS,165
EF,CO,692
EY,IN,836
CW,IE,461
GF,IJ,696
DX,HS,307
JS,DO,382
KG,II,964
ID,AG,481
CM,EJ,507
HC,AE,363
JO,FI,602
HF,FG,885
AC,GG,683
EB,ED,967
DY,DK,539
HT,HS,374
DA,DP,156
JB,H,879
GQ,ET,903
IO,CF,810
BI,HW,743
IF,DZ,926
HO,IM,729
FQ,X,424
FT,AC,135
GP,GI,615
KH,ES,120
FT,CP,490
DF,AU,421
EB,B,69
FH,EO,926
IJ,AD,365
L,KE,467
ES,GB,650
P,JU,166
ID,IV,754
EI,FR,517
KN,JS,368
Y,IU,407
AJ,DU,425
GW,CN,968
BU,DK,893
IC,CT,634
KE,KG,790
FE,CR,349
GW,CS,30
I,JR,616
GM,GJ,952
JL,EC,562
GK,FH,116
HY,BF,582
BM,BY,484
JX,IA,644
S,HM,431
FX,GK,893
AG,CE,765
CO,HU,568
FX,AB,813
FL,CC,153
FU,GM,318
DP,JX,431
HO,HJ,834
AG,FF,144
IW,JJ,562
W,FM,560
DB,HD,458
Y,IQ,355
DL,FZ,851
JA,U,449
GJ,AH,885
CG,BF,57
AS,FD,378
CT,AD,351
JM,KA,198
DJ,CE,792
HN,GY,380
HX,JM,415
Y,EX,221
BB,N,890
FT,R,403
ET,AK,11
JA,HU,760
O,U,985
IQ,KG,563
HD,JQ,885
AC,EF,742
DT,G,912
CV,CB,339
HF,IN,486
EJ,GV,252
BF,JC,89
EK,HT,376
EJ,E,985
JE,BA,151
CT,CO,736
GA,GQ,301
EZ,JH,870
AE,HZ,660
FQ,CB,125
KH,AF,599
HF,IW,578
BQ,HB,322
HW,CH,230
AP,CV,79
AO,JK,201
AB,IP,956
CW,AA,495
EP,AL,276
K,AK,724
J,R,437
GD,GW,889
EA,CH,537
KL,GQ,606
FF,KI,363
IM,D,433
J,FU,700
JW,EC,248
FL,BP,762
GS,BD,998
HS,IK,219
JX,JK,535
DE,BC,911
IL,GH,830
HQ,DW,331
AY,DW,239
U,EB,481
E,BL,583
AY,EH,243
BQ,BS,613
EV,GS,744
S,BG,104
EE,HB,182
EY,CS,857
M,AF,257
X,DI,457
IB,HU,203
HE,C,251
JB,JU,516
ED,AN,87
KI,AX,615
FD,IE,804
CE,EO,620
AI,JN,66
GN,EC,272
IT,KC,274
DH,KL,197
GH,BX,36
GQ,GP,198
S,KB,624
BV,GA,100
AD,JU,329
CE,BS,711
KJ,GB,205
DN,CX,149
IX,HM,777
JV,HO,377
JI,AN,880
GN,GJ,496
JL,CA,767
HW,Y,792
Z,GV,438
DP,DF,632
BU,GG,591
AJ,JU,803
GE,EZ,318
BK,JH,616
U,EQ,249
FP,CN,840
CT,R,696
GW,FN,578
FK,FA,803
IG,JI,760
X,FT,734
FG,E,953
U,ET,614
AR,CW,928
FY,CZ,513
GG,DN,664
CC,GI,299
FJ,KE,242
FQ,DF,427
HK,AP,319
JH,HR,681
AR,CM,312
CZ,FC,994
DT,BJ,606
BF,JR,168
AP,CJ,177
AU,AO,305
JJ,HP,56
DH,EW,879
IW,FN,151
AJ,HJ,790
AR,K,986
CP,Z,385
AA,AJ,770
BJ,EI,658
HG,CX,657
KK,CX,161
JS,KJ,25
IU,CD,282
EZ,J,487
Z,FB,548
KD,HM,721
HC,AR,693
HJ,KG,553
Y,KJ,682
JH,JL,418
HC,CN,321
L,EQ,733
IE,FL,972
AI,KM,188
BJ,BE,382
DZ,AV,721
KK,KH,587
AA,HW,560
KN,GP,767
FV,GI,753
IK,BS,379
DF,AT,195
KM,CT,867
FE,AD,286
DG,BO,356
CK,IB,149
GT,GK,274
CO,BX,722
JD,D,942
IL,GS,723
DJ,FA,806
FQ,H,498
O,ES,620
AL,AS,989
AA,FR,898
HN,CX,275
DK,AS,72
U,FC,812
ES,U,291
HK,FW,389
E,DG,772
GN,KM,353
AN,R,656
DW,FF,921
KJ,II,251
JS,EJ,279
EM,C,529
HR,EV,937
JJ,GB,706
DA,GX,640
DS,JC,351
DM,KN,998
HH,IJ,112
R,BT,124
GQ,IJ,63
IT,HE,926
DR,JP,388
EV,HC,851
FQ,DT,747
JR,IC,331
AY,BY,112
JK,EQ,431
BU,FR,770
FP,J,251
CJ,JX,131
BF,GW,530
EH,IQ,173
D,IE,832
BZ,JB,25
JM,KB,869
KG,D,791
FN,FG,324
HE,CK,847
FC,X,417
JU,EL,915
GW,GS,395
JP,N,302
FM,EB,576
HC,AD,909
DZ,AI,404
FR,AM,594
JC,IL,898
CJ,HI,941
DX,DY,917
EY,DD,402
BX,KC,318
CF,BK,863
FG,ID,844
JG,DG,441
JH,KL,133
BI,CM,935
BZ,DC,203
AQ,AK,624
CU,CR,773
FW,DX,203
CS,IR,335
BW,IQ,129
IR,DD,549
AS,HR,328
JW,IU,776
IX,FY,407
KF,IY,425
IH,EC,50
IW,CR,233
CM,GF,377
JQ,N,656
IO,HE,215
FM,IR,64
CW,BH,769
BW,CW,415
AK,DQ,59
ES,AD,928
CL,FZ,273
KJ,EH,206
HT,DN,597
HQ,IS,663
BC,FL,517
BS,FL,467
IR,S,957
CR,AP,827
GL,K,610
DK,EY,14
DK,EB,830
BI,Q,814
FC,HA,321
EA,K,416
L,EC,522
FZ,JO,892
P,FD,704
V,S,232
CW,FE,517
M,B,297
GA,EC,153
HO,DL,752
FQ,ID,545
FZ,FF,510
EF,CS,525
EZ,FJ,241
IN,GU,392
JE,JV,591
IN,KB,587
HP,DW,880
BU,JZ,523
IG,KJ,363
H,CT,668
I,FB,989
AJ,KD,707
JS,BP,109
FE,GH,89
IH,CL,638
HA,JJ,286
DX,FQ,26
AP,AJ,198
BA,HU,775
EO,DW,399
AV,HH,845
DO,CE,434
GI,JU,221
EG,BG,724
BT,HQ,74
HT,FN,953
X,KM,281
BN,HB,496
KM,CE,333
CI,BL,641
AI,EG,176
DG,AI,282
KJ,GQ,211
DF,FU,306
FY,BQ,465
DA,JZ,519
CF,CM,910
KN,G,866
BN,Y,101
FO,FD,440
KK,GB,306
IQ,O,569
EX,FX,904
GO,JF,513
DU,CR,453
II,HK,166
AI,KJ,752
FT,BM,208
CF,EA,389
JH,AX,578
O,GH,348
EE,HL,390
BB,C,586
KD,BT,187
BG,DK,604
EV,JN,855
AJ,ID,943
HO,HQ,339
DM,FD,538
KK,HB,285
IR,CY,261
DT,GO,622
JC,JG,900
AQ,IE,999
H,IN,950
CA,EX,389
EF,CM,570
EA,HQ,431
HK,JH,107
GV,IM,679
DB,BT,175
FZ,IG,798
L,DA,555
DV,GZ,207
KK,CE,384
FB,EH,471
JZ,DX,859
JR,DV,929
GF,EK,455
EL,GQ,122
M,ED,340
IO,HZ,490
GO,HY,213
EP,FY,495
JX,EN,391
GD,N,17
JM,DU,937
FN,JQ,875
Y,HS,116
IR,IC,118
FH,JU,927
DT,BE,561
EA,EI,931
GK,JR,430
AY,FJ,882
IE,IX,384
BL,DN,383
GH,HL,446
KK,CY,660
BJ,O,217
AH,BJ,712
CQ,HN,908
HU,K,182
BB,DJ,533
BI,V,413
KG,IM,640
KK,AW,588
E,GE,35
CU,JS,121
GZ,JY,899
DM,BX,46
BR,AM,155
L,IR,629
V,KJ,809
JU,AA,115
EX,FA,461
BJ,Y,637
DP,T,16
GI,CT,492
IG,IY,20
JD,KH,977
BY,E,925
K,HC,263
GO,DH,885
IU,GF,834
N,KF,249
IA,DF,869
HZ,DW,351
IR,GD,589
AN,ID,354
W,AE,27
KD,FG,967
JY,HB,179
KI,FU,758
AF,CG,584
G,HK,217
DT,HL,75
DF,BP,784
GT,GR,742
HY,IU,887
FC,AH,180
GX,T,21
CT,HE,227
GP,IA,528
IG,EH,687
Z,IV,456
ET,GA,600
HC,FO,388
HF,FL,634
CD,HH,456
HB,N,129
EW,II,658
CV,AE,293
HD,JF,877
DX,GB,247
GD,DS,167
CC,JN,42
IL,BN,536
JX,HU,658
AU,W,363
HT,JD,359
CS,DU,142
HR,JL,158
IL,IP,549
GQ,AU,125
FH,AL,47
AH,EA,931
CO,BA,963
DQ,CB,20
EL,KL,644
AY,O,948
KI,JO,436
KA,FN,284
EH,KH,79
CS,GG,21
GQ,BZ,547
J,EN,653
JV,DP,219
AW,B,920
GW,JA,44
IF,FX,492
DY,CY,501
EQ,EX,479
ET,EI,403
GA,AT,304
DT,GD,721
HU,IC,763
DK,CO,121
AC,EC,286
CD,FN,684
FQ,FP,95
HY,BD,446
DK,FE,509
FU,IG,777
CF,GJ,473
AV,KF,739
KD,IB,317
CW,AO,589
BG,B,261
BY,AW,318
HC,AG,265
EF,BR,192
DO,DG,353
EV,EL,914
BA,IR,312
CF,CS,213
IF,BU,469
KJ,GK,254
HV,KJ,632
CM,BX,248
DV,BK,344
AO,DO,36
AO,DA,685
CK,BK,938
AT,CT,666
AR,DJ,979
IK,HU,468
E,DY,442
GQ,O,754
BN,JS,598
AT,HB,650
EC,HJ,604
CW,HF,685
X,HK,932
CH,IA,153
HA,FU,681
HY,BA,49
T,HP,948
L,IZ,155
BH,BV,382
IC,DK,73
DG,FK,930
HZ,JH,395
JF,BB,511
CB,HL,261
KI,EJ,969
ES,HD,139
X,EK,605
R,HI,686
AE,BD,913
JN,FK,291
EA,EW,593
EQ,IB,624
GJ,KN,768
GG,EN,342
IO,HV,512
BB,EO,958
HC,DH,41
BT,FP,237
HA,BS,882
EE,JO,285
JD,KE,214
HP,GQ,159
GL,FV,16
FW,GR,10
JV,HP,600
JU,AC,280
IF,IM,700
CO,KM,404
HZ,FO,526
FY,C,233
DC,X,918
JB,HM,611
GP,GY,394
GP,HE,870
BM,HA,489
KL,GC,625
BO,HW,240
AV,JV,44
ES,CF,651
CM,GQ,309
HM,G,551
HE,DZ,237
N,BH,32
JN,DL,361
JK,KD,296
GN,IM,897
HY,BG,573
GU,ED,488
HL,DG,749
FI,EJ,683
CU,IZ,836
IF,EV,753
HU,JK,322
JX,BZ,531
BX,EC,101
IA,BX,80
IW,EJ,35
DK,HT,981
GG,FA,711
BW,JA,909
KC,JS,424
CS,FJ,324
GB,AF,141
CD,IP,758
HR,O,195
HT,CL,829
P,DT,417
HA,AJ,81
EV,EB,285
FA,DO,789
GY,CS,36
HZ,BF,895
HM,HC,874
GE,EQ,155
GJ,AP,205
EC,BU,156
BG,CA,996
AH,EF,627
HU,FI,357
O,IZ,454
DO,AB,392
JQ,KD,474
HO,EV,716
X,BD,694
BH,AV,36
DM,BR,317
BP,JH,202
CW,HE,66
JM,CI,950
FW,IT,516
N,DT,447
FN,JG,924
HV,BQ,242
CL,DE,401
KG,CL,152
JX,GG,849
BY,HF,461
DI,GY,527
EZ,HB,868
FP,DD,277
E,FK,680
CB,HO,782
IQ,FI,543
HG,IM,42
EW,HI,771
HV,CA,702
JF,GK,473
BK,CV,563
BO,HZ,147
DR,GB,509
HD,BH,752
BM,FC,250
HS,CL,35
CH,JH,675
F,BE,562
KL,IC,977
ID,BD,666
ET,P,732
IC,BP,813
IX,GA,286
HC,BS,315
GC,EV,513
IS,DI,865
DY,AQ,85
CA,HS,985
IN,DU,60
BY,HM,663
IX,IC,899
DM,CY,57
CM,EA,296
HS,KD,411
FP,JA,797
BO,EV,404
CI,R,595
BN,EW,921
KH,AI,749
IJ,DI,455
JX,IX,526
DJ,CR,689
IT,IJ,303
DE,M,79
JX,HP,42
FQ,DP,607
ET,KN,362
BP,GP,153
JL,AF,961
EY,AX,404
EA,DF,732
BN,HQ,847
JO,DM,92
ET,GZ,606
HB,CN,659
CE,DP,298
CE,DR,510
DE,CZ,459
U,EX,731
IY,FT,778
CN,GY,495
JS,EC,248
CZ,CG,519
HS,GV,374
DK,AG,38
KD,Q,118
BC,GG,642
DY,FM,534
HV,EB,729
HD,ID,965
FH,EQ,377
BN,DN,959
DK,JZ,312
BV,Z,210
BN,IH,796
DQ,IP,133
DX,FB,359
JP,DZ,896
JK,BZ,243
HU,BM,231
DR,DW,154
IC,DY,73
GE,BP,826
FM,IF,529
DQ,EP,158
CL,KI,933
DI,AV,859
CI,GH,336
AS,HO,644
HX,HY,586
HK,AZ,544
GR,EZ,772
DR,FR,268
GG,DF,584
BE,JJ,999
FX,IO,48
GJ,FU,761
CO,JO,212
DV,EM,501
HW,JN,859
IQ,AU,226
HG,IH,41
Y,FT,597
HK,FN,802
DS,BR,507
GJ,FQ,98
BF,EP,635
ET,CJ,276
EU,FD,774
AF,GK,506
X,DK,812
AY,GC,452
JB,FI,164
FC,CX,956
DN,AK,685
IO,HY,132
GM,CU,56
W,IZ,433
JV,FP,991
DV,GU,55
FP,EW,573
IV,DN,175
AV,F,505
JW,FH,82
FV,AX,348
GI,JZ,272
I,KN,894
H,HD,443
GO,JD,398
GS,CH,726
CO,CQ,670
P,O,937
EZ,DD,189
EB,DG,756
GN,IB,497
JB,FF,907
JU,FO,543
BI,CA,592
BR,BL,352
DA,P,343
HP,P,376
P,IS,278
BP,FS,488
EI,EE,667
HV,EI,47
JQ,IQ,555
O,EL,898
AN,HP,144
FX,FT,348
Y,IO,431
HY,JX,462
HU,JD,50
IV,AZ,922
HQ,BE,387
CL,IT,954
HV,BF,193
KB,DH,45
BY,IV,166
FU,GC,53
CM,BH,713
N,DD,99
GT,KD,290
GS,AK,963
KE,DR,433
HY,GI,313
KF,I,335
FR,CL,598
IR,BJ,966
X,JA,563
DC,AZ,595
DJ,CQ,205
EP,EL,942
FF,BI,498
HE,CD,405
GY,BR,848
HH,JR,204
EW,AL,173
IZ,EQ,512
FE,IJ,641
AQ,GE,301
DU,AR,10
AV,JK,968
KI,CT,210
KA,CZ,423
FR,I,135
GL,M,780
IM,EG,390
IZ,EB,182
AQ,W,271
DJ,ED,832
AF,HR,458
AU,JG,971
DC,DG,568
EL,H,305
JA,AX,993
AE,HD,953
B,DY,781
DW,JW,963
BA,AB,946
HX,BK,864
FY,GJ,508
AK,ER,981
JY,KE,69
CT,IG,195
V,GV,567
KL,FL,28
W,AL,274
EY,CH,772
CV,IO,999
DH,GU,289
JH,CA,989
EC,HG,166
JO,DC,176
X,AB,75
EW,AO,615
CW,DG,134
FG,IU,832
IO,HQ,756
IC,FQ,397
CX,GQ,108
BB,HH,762
BE,JQ,593
B,DO,722
IB,EF,861
HA,KI,655
HX,HR,817
EJ,IN,104
T,DK,254
BP,DD,30
BB,AI,768
R,CE,493
GK,DP,739
GH,BM,924
FB,FR,752
H,IJ,341
AS,KB,155
ID,DC,665
JO,AR,832
DJ,IQ,206
AQ,CI,420
EH,DF,167
GF,HQ,365
JI,R,488
GB,KM,105
AF,DD,58
GU,DB,276
BI,HP,566
KN,AH,539
DZ,IT,393
HX,GX,628
HU,BG,140
HS,GD,160
KK,GK,368
AH,FK,222
FI,DR,805
IQ,DL,812
KG,GM,141
AA,HF,653
FZ,GV,251
BL,EE,435
AW,JI,953
CN,KJ,21
FX,S,335
EH,KI,315
BG,AM,67
CE,GN,116
IH,EV,323
CA,IJ,39
EO,U,852
ET,IM,41
GF,JH,494
EH,GN,823
IF,CY,361
AB,FJ,200
FT,DZ,552
HP,KK,772
IY,FF,308
CD,IL,575
AQ,IS,167
HG,GX,381
JM,HT,749
DG,DK,446
FF,X,851
AO,KE,735
GI,V,921
IT,JD,976
IE,KE,478
IC,HR,344
AG,AE,74
FC,AE,810
JK,KL,982
BD,U,998
DN,HZ,198
DN,JU,658
FI,ES,520
AV,BJ,87
JY,EN,748
GN,AI,988
FQ,DM,854
AC,CN,384
AW,FC,234
GW,BI,586
Q,JA,704
HX,BT,553
CJ,CU,91
FI,BM,171
CB,IN,498
CH,IS,535
CP,EZ,13
CW,ED,851
BX,DY,207
BE,DO,290
JE,KF,474
GB,JI,972
JK,GC,540
EI,EX,931
CQ,DP,968
BG,J,217
FB,AC,550
IM,FN,749
FG,IV,214
HV,EX,374
DM,JL,242
AM,HD,562
Q,EJ,629
EZ,GH,703
DS,FK,81
EU,BP,329
BI,L,353
EE,BM,718
FC,AP,226
DZ,HO,641
HO,F,458
AL,IP,581
BG,GS,585
K,FG,203
JN,JX,289
X,CJ,742
II,DR,434
BE,GL,976
FW,FB,317
DT,X,660
FX,CM,622
HN,FP,925
IS,CR,202
CP,IV,18
JR,CX,908
AY,HO,117
E,EK,321
AM,GC,562
KB,DJ,398
CD,N,819
DC,FT,761
IC,EZ,548
DZ,AP,83
HQ,CW,112
FR,AI,858
JP,IJ,815
AT,JE,669
BE,KJ,374
BX,JC,662
AP,FU,711
EM,BQ,324
BU,CS,255
GR,HH,266
IB,HG,617
FG,HC,420
DJ,CX,953
HP,BL,43
IU,JC,621
HY,FV,466
EB,HP,393
HB,IZ,746
IO,EN,692
KJ,HR,490
HB,DF,48
IX,DM,171
FM,HE,794
IU,HX,112
KF,DP,804
BA,HC,211
CV,D,41
J,BD,85
DT,HQ,650
JH,CQ,743
DM,FK,861
FS,I,62
BM,F,441
GI,CL,816
EX,GE,666
AL,V,103
BP,EG,850
HB,IM,353
IW,C,691
FV,BL,156
Q,JN,907
JQ,BQ,858
CZ,T,225
JK,O,80
EJ,M,303
AP,BH,925
AC,IE,303
HA,HP,145
HS,FG,81
BI,AI,910
CB,HY,402
AR,GC,437
HM,HT,668
IC,KE,110
EB,JF,25
CW,U,990
KA,M,871
CE,IN,236
DO,AP,768
AZ,FV,200
HS,IS,690
AN,FA,772
IP,AO,891
JA,II,318
GG,DQ,651
IL,DV,314
BD,BB,920
JD,HW,416
GY,KB,768
IG,KH,94
CN,DF,289
AL,EK,173
HI,EX,384
HE,IN,508
GT,JR,654
U,DL,384
DS,HI,583
KL,FI,174
EE,HT,422
AX,DK,58
BZ,HD,81
KL,N,172
CJ,T,487
BV,CS,775
EY,IX,217
IM,KM,13
IV,AX,343
GV,AC,468
JR,ID,654
BN,ED,195
IE,CU,351
EF,EA,895
IT,FC,949
F,EX,396
BA,GV,299
HQ,KF,947
HQ,GC,366
IU,CH,261
CH,DT,584
FC,EJ,890
HQ,IZ,688
AJ,II,441
AT,AU,515
L,GU,305
KG,IF,66
FY,Q,684
FX,KL,533
L,KH,672
B,AH,885
FO,IV,965
GS,T,83
HL,DY,27
DN,GQ,961
JN,BD,842
KN,CA,11
IX,CZ,360
HX,BF,884
CH,EN,591
HX,CU,356
GG,HN,159
GN,BU,136
JD,ES,429
FV,FP,598
FW,EV,354
EJ,AR,810
DA,AR,263
JC,JX,437
DX,JM,427
AC,AF,97
DZ,JN,466
GW,AW,964
JC,JJ,526
KG,FX,249
JU,DO,355
CL,DT,242
EA,CB,451
DN,GM,471
CD,IJ,548
KI,AZ,797
DW,HU,30
CX,JG,287
IZ,G,812
KF,HI,707
GV,BJ,34
CF,AO,530
GC,JM,850
FX,JW,334
DQ,ES,845
CB,GM,948
EV,DE,821
GX,KF,389
EP,DF,464
CB,AA,774
II,JR,321
KC,JN,737
W,FP,961
AC,GB,309
CR,EE,566
V,R,584
HO,CV,896
EU,BI,105
EZ,S,401
CP,AA,834
FH,FW,648
R,BD,528
DT,IV,251
BD,AW,185
AZ,EX,115
GL,GF,149
HZ,DP,129
GP,FM,748
CK,HQ,933
KH,IN,311
BF,CW,925
O,FZ,917
HQ,L,433
D,JY,159
CU,FC,544
FT,IB,147
HU,Y,370
CO,FH,46
HQ,N,258
BL,BY,861
EP,HP,531
EJ,IK,152
AP,FB,763
FX,AY,448
FK,Q,918
W,DD,346
CW,AT,600
FE,EW,696
M,FJ,983
CV,AI,699
O,FI,569
GJ,AX,249
KF,AG,629
EO,DS,825
CU,GO,45
CR,IX,266
DI,EK,659
JO,GM,546
DM,HR,91
EN,FE,782
CC,EL,177
GT,DX,279
FO,JH,818
FL,KE,16
CN,JV,319
CZ,HC,909
EI,EV,820
GJ,BU,379
DX,AR,394
HY,FW,469
BS,CO,932
JO,CF,275
Q,FV,792
S,AI,180
GU,HK,448
EH,BQ,985
CC,HY,976
CK,FM,599
CM,CR,69
JA,L,345
GY,EG,464
CA,FX,671
FX,CG,113
JZ,DZ,911
BA,X,206
JT,CW,521
FY,AU,481
EY,EN,50
AV,AN,303
EA,BC,274
G,IV,503
AH,HO,746
HI,BB,524
HI,JR,597
GB,EE,461
FF,GC,72
GV,O,14
IW,KC,419
CC,JC,226
FG,S,32
AI,CJ,635
CK,HK,848
CT,AM,44
BS,FG,727
GM,AF,898
CO,DJ,591
FW,DP,142
AR,FA,97
EB,BS,702
KB,GE,590
KH,HX,158
AT,IA,405
FV,CT,878
DV,II,854
FS,CD,470
HX,DX,505
CC,AB,57
HK,BH,459
P,L,640
EW,AG,752
IW,L,213
GF,V,429
IA,DI,62
AB,JC,101
BT,BB,964
W,HH,14
DQ,IU,481
GJ,CG,943
S,JI,249
FC,JV,815
IX,GJ,461
ER,J,928
GH,DW,956
F,FR,940
GP,DL,319
CU,V,313
DE,R,285
IL,CQ,366
DM,HU,654
GZ,JW,17
IF,KA,157
IV,B,528
FX,FH,873
HG,F,31
BO,IZ,474
IE,EB,397
CO,JH,563
AR,IU,917
FD,KE,506
GJ,AB,539
HY,FL,43
FK,HR,393
DZ,CP,697
JZ,JQ,493
FR,CN,934
DM,JH,579
GM,IT,856
JI,GN,202
CL,IG,812
ED,CR,895
KK,ES,488
DA,CN,430
O,GK,503
HY,EM,244
DH,J,470
A,HW,287
GS,J,546
BF,ES,63
CD,HO,795
EE,DH,638
Y,BV,726
B,BW,624
JT,Q,974
HD,BV,565
I,G,758
CM,BP,577
FJ,HH,373
DW,M,898
EI,T,595
GI,CD,44
CM,DG,334
P,BJ,638
EW,BA,998
FN,DR,615
IG,HY,623
IX,AP,161
JC,FR,831
AT,EB,710
C,HY,131
GN,AH,945
AC,JP,468
AD,HL,35
EJ,DX,986
CK,DV,181
CX,BR,534
JE,IB,436
GG,HZ,941
BB,DF,676
DC,CK,806
B,AX,591
HS,GU,970
FG,GJ,327
JE,CM,947
E,JH,768
BT,HE,921
HQ,BJ,588
EF,D,672
GC,EZ,805
IX,IN,494
L,C,751
ER,P,855
CH,HJ,349
FJ,HR,648
S,BU,957
JH,DN,613
J,FA,71
EE,A,483
GJ,DR,310
CV,HT,942
JX,FI,862
W,FV,319
DH,AA,699
CN,GT,628
DM,EA,158
CU,FZ,190
AY,KM,892
JD,IU,690
EK,HZ,44
CE,GC,141
GQ,IR,745
IX,EQ,810
JL,HQ,471
KJ,JZ,351
KA,BZ,168
ID,HB,266
HZ,IY,205
HM,JE,151
P,BZ,170
EU,BX,964
ES,CK,999
CA,DY,40
CX,IU,441
AH,DJ,828
EN,IZ,870
EA,FL,656
HC,GQ,268
JA,IF,720
HU,DT,933
C,CJ,89
FD,DH,915
CH,R,573
DD,IW,220
CD,BD,503
CZ,FS,285
DU,EE,485
IQ,HZ,844
CV,CM,330
HH,HL,247
KK,JX,341
IS,DV,875
IE,FF,575
HY,FU,648
EF,FQ,89
BF,AH,320
FS,JG,839
HB,JC,481
DV,ET,658
AL,AA,729
BE,EW,248
CS,JO,94
KB,HC,931
IW,H,939
AU,FO,865
EL,M,493
EU,FM,710
EJ,DT,578
CW,AD,346
HQ,FO,73
DS,EB,566
BM,U,772
FW,CZ,845
JK,ER,440
EP,FK,132
BB,AU,620
IC,GK,490
P,BC,565
FM,CH,884
AT,DQ,710
GQ,G,496
FA,IB,245
CE,DM,354
JT,IN,879
K,AL,328
JY,BM,359
BQ,HG,665
GS,FK,381
EG,GR,392
CR,KB,204
HJ,HX,384
AE,BF,207
KA,IJ,461
EB,EH,41
DB,HE,28
S,R,609
CO,IC,430
JD,BH,824
EQ,KL,853
HG,GK,887
W,EN,381
FY,HX,940
AM,EZ,289
BY,B,520
IV,GR,449
HL,HB,297
AO,HY,419
FN,FV,135
JS,AJ,961
JG,GU,299
BI,EM,599
FB,KD,857
EV,W,101
JI,FQ,211
Z,BS,294
FF,JX,906
GJ,EM,929
EZ,CS,132
EZ,N,907
CJ,BT,14
H,V,473
H,ES,44
FJ,HI,676
HW,EG,296
FH,FO,170
AK,Q,12
EO,JN,527
EX,KE,909
AC,GM,26
BP,V,729
IO,IH,604
GQ,AB,834
KM,KF,365
JC,EV,276
GC,O,28
N,AD,525
GW,BQ,147
JE,P,980
BQ,Q,342
FK,CY,962
HF,GQ,724
CV,FK,547
IA,AK,174
DE,HS,589
EY,CT,682
CG,M,337
JW,CH,636
CT,EB,122
HR,JI,283
G,KD,623
AP,IB,997
GG,CB,256
Q,BB,782
BC,HQ,328
CM,K,979
AM,BY,742
AF,HF,790
AI,JC,44
HU,JY,536
G,CT,331
EM,HR,678
JW,EO,588
C,IF,664
BP,GX,879
BK,GG,963
T,FU,860
FM,FQ,607
AZ,FJ,824
JJ,E,722
W,FR,53
JI,CW,631
HV,DF,968
KC,DZ,541
CH,IL,758
C,ET,877
CM,IV,171
DZ,EE,704
IQ,HP,718
GL,DY,882
BL,GZ,471
DQ,EE,29
KN,DC,603
DR,AY,306
HQ,HS,356
GU,FJ,38
BN,HH,495
HS,CS,666
EG,FB,851
AB,EX,323
GV,DU,888
EV,AX,395
ED,CQ,972
BQ,FN,649
FB,CG,425
HR,DB,461
GN,EU,231
HJ,HG,490
DU,AH,438
IC,AS,219
AA,HT,990
U,JU,696
CZ,GD,191
HV,BG,776
CQ,IB,566
EI,H,995
HG,CI,692
IJ,N,419
GS,HD,607
BU,IC,616
BP,IT,102
GS,DX,817
S,IL,266
JX,EZ,81
KN,S,982
EF,AN,905
GC,DH,585
EF,GP,648
CQ,DZ,437
EM,DT,205
I,FC,459
AX,FC,203
DZ,BH,595
BY,CN,687
BQ,DZ,26
CG,HO,995
FV,HR,866
BR,HL,989
GU,AL,508
JX,CK,799
EE,HS,44
DL,CI,554
AD,V,986
HX,EJ,301
FS,BK,765
DO,FC,357
BE,AW,186
AT,DI,98
GH,EK,151
CD,FR,813
IF,GX,24
JP,W,397
FL,DY,316
FV,GX,320
IW,EN,390
BS,FT,115
HI,CG,706
X,GS,522
JP,CY,526
JO,CP,669
EC,ES,829
JN,IT,419
X,BE,630
FT,FV,736
ET,GB,935
G,GV,805
